trip_id,trip_headsign,start_time,end_time,headway_secs,exact_times
10_0_U,SANTA CRUZ,Sat Dec 30 1899 04:00:00 GMT-0306 (Brasilia Standard Time),Sat Dec 30 1899 05:00:00 GMT-0306 (Brasilia Standard Time),900,
10_0_U,SANTA CRUZ,Sat Dec 30 1899 05:00:00 GMT-0306 (Brasilia Standard Time),Sat Dec 30 1899 06:00:00 GMT-0306 (Brasilia Standard Time),900,
10_0_U,SANTA CRUZ,Sat Dec 30 1899 06:00:00 GMT-0306 (Brasilia Standard Time),Sat Dec 30 1899 07:00:00 GMT-0306 (Brasilia Standard Time),360,
10_0_U,SANTA CRUZ,Sat Dec 30 1899 07:00:00 GMT-0306 (Brasilia Standard Time),Sat Dec 30 1899 08:00:00 GMT-0306 (Brasilia Standard Time),600,
10_0_U,SANTA CRUZ,Sat Dec 30 1899 08:00:00 GMT-0306 (Brasilia Standard Time),Sat Dec 30 1899 09:00:00 GMT-0306 (Brasilia Standard Time),600,
10_0_U,SANTA CRUZ,Sat Dec 30 1899 09:00:00 GMT-0306 (Brasilia Standard Time),Sat Dec 30 1899 10:00:00 GMT-0306 (Brasilia Standard Time),720,
10_0_U,SANTA CRUZ,Sat Dec 30 1899 10:00:00 GMT-0306 (Brasilia Standard Time),Sat Dec 30 1899 11:00:00 GMT-0306 (Brasilia Standard Time),720,
10_0_U,SANTA CRUZ,Sat Dec 30 1899 11:00:00 GMT-0306 (Brasilia Standard Time),Sat Dec 30 1899 12:00:00 GMT-0306 (Brasilia Standard Time),720,
10_0_U,SANTA CRUZ,Sat Dec 30 1899 12:00:00 GMT-0306 (Brasilia Standard Time),Sat Dec 30 1899 13:00:00 GMT-0306 (Brasilia Standard Time),720,
10_0_U,SANTA CRUZ,Sat Dec 30 1899 13:00:00 GMT-0306 (Brasilia Standard Time),Sat Dec 30 1899 14:00:00 GMT-0306 (Brasilia Standard Time),720,
10_0_U,SANTA CRUZ,Sat Dec 30 1899 14:00:00 GMT-0306 (Brasilia Standard Time),Sat Dec 30 1899 15:00:00 GMT-0306 (Brasilia Standard Time),720,
10_0_U,SANTA CRUZ,Sat Dec 30 1899 15:00:00 GMT-0306 (Brasilia Standard Time),Sat Dec 30 1899 16:00:00 GMT-0306 (Brasilia Standard Time),600,
10_0_U,SANTA CRUZ,Sat Dec 30 1899 16:00:00 GMT-0306 (Brasilia Standard Time),Sat Dec 30 1899 17:00:00 GMT-0306 (Brasilia Standard Time),300,
10_0_U,SANTA CRUZ,Sat Dec 30 1899 17:00:00 GMT-0306 (Brasilia Standard Time),Sat Dec 30 1899 18:00:00 GMT-0306 (Brasilia Standard Time),300,
10_0_U,SANTA CRUZ,Sat Dec 30 1899 18:00:00 GMT-0306 (Brasilia Standard Time),Sat Dec 30 1899 19:00:00 GMT-0306 (Brasilia Standard Time),300,
10_0_U,SANTA CRUZ,Sat Dec 30 1899 19:00:00 GMT-0306 (Brasilia Standard Time),Sat Dec 30 1899 20:00:00 GMT-0306 (Brasilia Standard Time),480,
10_0_U,SANTA CRUZ,Sat Dec 30 1899 20:00:00 GMT-0306 (Brasilia Standard Time),Sat Dec 30 1899 21:00:00 GMT-0306 (Brasilia Standard Time),600,
10_0_U,SANTA CRUZ,Sat Dec 30 1899 21:00:00 GMT-0306 (Brasilia Standard Time),Sat Dec 30 1899 22:00:00 GMT-0306 (Brasilia Standard Time),900,
10_0_U,SANTA CRUZ,Sat Dec 30 1899 22:00:00 GMT-0306 (Brasilia Standard Time),Sat Dec 30 1899 23:00:00 GMT-0306 (Brasilia Standard Time),600,
10_0_U,SANTA CRUZ,Sat Dec 30 1899 23:00:00 GMT-0306 (Brasilia Standard Time),Sat Dec 30 1899 23:59:00 GMT-0306 (Brasilia Standard Time),900,
10_1_U,ALVORADA,Sat Dec 30 1899 03:00:00 GMT-0306 (Brasilia Standard Time),Sat Dec 30 1899 04:00:00 GMT-0306 (Brasilia Standard Time),480,
10_1_U,ALVORADA,Sat Dec 30 1899 04:00:00 GMT-0306 (Brasilia Standard Time),Sat Dec 30 1899 05:00:00 GMT-0306 (Brasilia Standard Time),480,
10_1_U,ALVORADA,Sat Dec 30 1899 05:00:00 GMT-0306 (Brasilia Standard Time),Sat Dec 30 1899 06:00:00 GMT-0306 (Brasilia Standard Time),300,
10_1_U,ALVORADA,Sat Dec 30 1899 06:00:00 GMT-0306 (Brasilia Standard Time),Sat Dec 30 1899 07:00:00 GMT-0306 (Brasilia Standard Time),240,
10_1_U,ALVORADA,Sat Dec 30 1899 07:00:00 GMT-0306 (Brasilia Standard Time),Sat Dec 30 1899 08:00:00 GMT-0306 (Brasilia Standard Time),300,
10_1_U,ALVORADA,Sat Dec 30 1899 08:00:00 GMT-0306 (Brasilia Standard Time),Sat Dec 30 1899 09:00:00 GMT-0306 (Brasilia Standard Time),600,
10_1_U,ALVORADA,Sat Dec 30 1899 09:00:00 GMT-0306 (Brasilia Standard Time),Sat Dec 30 1899 10:00:00 GMT-0306 (Brasilia Standard Time),600,
10_1_U,ALVORADA,Sat Dec 30 1899 10:00:00 GMT-0306 (Brasilia Standard Time),Sat Dec 30 1899 11:00:00 GMT-0306 (Brasilia Standard Time),720,
10_1_U,ALVORADA,Sat Dec 30 1899 11:00:00 GMT-0306 (Brasilia Standard Time),Sat Dec 30 1899 12:00:00 GMT-0306 (Brasilia Standard Time),720,
10_1_U,ALVORADA,Sat Dec 30 1899 12:00:00 GMT-0306 (Brasilia Standard Time),Sat Dec 30 1899 13:00:00 GMT-0306 (Brasilia Standard Time),720,
10_1_U,ALVORADA,Sat Dec 30 1899 13:00:00 GMT-0306 (Brasilia Standard Time),Sat Dec 30 1899 14:00:00 GMT-0306 (Brasilia Standard Time),720,
10_1_U,ALVORADA,Sat Dec 30 1899 14:00:00 GMT-0306 (Brasilia Standard Time),Sat Dec 30 1899 15:00:00 GMT-0306 (Brasilia Standard Time),720,
10_1_U,ALVORADA,Sat Dec 30 1899 15:00:00 GMT-0306 (Brasilia Standard Time),Sat Dec 30 1899 16:00:00 GMT-0306 (Brasilia Standard Time),720,
10_1_U,ALVORADA,Sat Dec 30 1899 16:00:00 GMT-0306 (Brasilia Standard Time),Sat Dec 30 1899 17:00:00 GMT-0306 (Brasilia Standard Time),600,
10_1_U,ALVORADA,Sat Dec 30 1899 17:00:00 GMT-0306 (Brasilia Standard Time),Sat Dec 30 1899 18:00:00 GMT-0306 (Brasilia Standard Time),360,
10_1_U,ALVORADA,Sat Dec 30 1899 18:00:00 GMT-0306 (Brasilia Standard Time),Sat Dec 30 1899 19:00:00 GMT-0306 (Brasilia Standard Time),480,
10_1_U,ALVORADA,Sat Dec 30 1899 19:00:00 GMT-0306 (Brasilia Standard Time),Sat Dec 30 1899 20:00:00 GMT-0306 (Brasilia Standard Time),600,
10_1_U,ALVORADA,Sat Dec 30 1899 20:00:00 GMT-0306 (Brasilia Standard Time),Sat Dec 30 1899 21:00:00 GMT-0306 (Brasilia Standard Time),900,
10_1_U,ALVORADA,Sat Dec 30 1899 21:00:00 GMT-0306 (Brasilia Standard Time),Sat Dec 30 1899 22:00:00 GMT-0306 (Brasilia Standard Time),900,
10_1_U,ALVORADA,Sat Dec 30 1899 22:00:00 GMT-0306 (Brasilia Standard Time),Sat Dec 30 1899 23:00:00 GMT-0306 (Brasilia Standard Time),900,
11_0_U,SANTA CRUZ,Sat Dec 30 1899 21:00:00 GMT-0306 (Brasilia Standard Time),Sat Dec 30 1899 22:00:00 GMT-0306 (Brasilia Standard Time),900,
11_0_U,SANTA CRUZ,Sat Dec 30 1899 22:00:00 GMT-0306 (Brasilia Standard Time),Sat Dec 30 1899 23:00:00 GMT-0306 (Brasilia Standard Time),900,
11_0_U,SANTA CRUZ,Sat Dec 30 1899 23:00:00 GMT-0306 (Brasilia Standard Time),Sat Dec 30 1899 23:59:00 GMT-0306 (Brasilia Standard Time),900,
11_0_U,SANTA CRUZ,Sat Dec 30 1899 00:00:00 GMT-0306 (Brasilia Standard Time),Sat Dec 30 1899 01:00:00 GMT-0306 (Brasilia Standard Time),900,
11_1_U,ALVORADA,Sat Dec 30 1899 21:00:00 GMT-0306 (Brasilia Standard Time),Sat Dec 30 1899 22:00:00 GMT-0306 (Brasilia Standard Time),900,
11_1_U,ALVORADA,Sat Dec 30 1899 22:00:00 GMT-0306 (Brasilia Standard Time),Sat Dec 30 1899 23:00:00 GMT-0306 (Brasilia Standard Time),900,
11_1_U,ALVORADA,Sat Dec 30 1899 23:00:00 GMT-0306 (Brasilia Standard Time),Sat Dec 30 1899 23:59:00 GMT-0306 (Brasilia Standard Time),900,
12_0_U,PINGO D'ÁGUA,Sat Dec 30 1899 05:00:00 GMT-0306 (Brasilia Standard Time),Sat Dec 30 1899 06:00:00 GMT-0306 (Brasilia Standard Time),720,
12_0_U,PINGO D'ÁGUA,Sat Dec 30 1899 06:00:00 GMT-0306 (Brasilia Standard Time),Sat Dec 30 1899 07:00:00 GMT-0306 (Brasilia Standard Time),600,
12_0_U,PINGO D'ÁGUA,Sat Dec 30 1899 07:00:00 GMT-0306 (Brasilia Standard Time),Sat Dec 30 1899 08:00:00 GMT-0306 (Brasilia Standard Time),720,
12_0_U,PINGO D'ÁGUA,Sat Dec 30 1899 08:00:00 GMT-0306 (Brasilia Standard Time),Sat Dec 30 1899 09:00:00 GMT-0306 (Brasilia Standard Time),720,
12_0_U,PINGO D'ÁGUA,Sat Dec 30 1899 09:00:00 GMT-0306 (Brasilia Standard Time),Sat Dec 30 1899 10:00:00 GMT-0306 (Brasilia Standard Time),900,
12_0_U,PINGO D'ÁGUA,Sat Dec 30 1899 10:00:00 GMT-0306 (Brasilia Standard Time),Sat Dec 30 1899 11:00:00 GMT-0306 (Brasilia Standard Time),900,
12_0_U,PINGO D'ÁGUA,Sat Dec 30 1899 11:00:00 GMT-0306 (Brasilia Standard Time),Sat Dec 30 1899 12:00:00 GMT-0306 (Brasilia Standard Time),900,
12_0_U,PINGO D'ÁGUA,Sat Dec 30 1899 12:00:00 GMT-0306 (Brasilia Standard Time),Sat Dec 30 1899 13:00:00 GMT-0306 (Brasilia Standard Time),900,
12_0_U,PINGO D'ÁGUA,Sat Dec 30 1899 13:00:00 GMT-0306 (Brasilia Standard Time),Sat Dec 30 1899 14:00:00 GMT-0306 (Brasilia Standard Time),900,
12_0_U,PINGO D'ÁGUA,Sat Dec 30 1899 14:00:00 GMT-0306 (Brasilia Standard Time),Sat Dec 30 1899 15:00:00 GMT-0306 (Brasilia Standard Time),720,
12_0_U,PINGO D'ÁGUA,Sat Dec 30 1899 15:00:00 GMT-0306 (Brasilia Standard Time),Sat Dec 30 1899 16:00:00 GMT-0306 (Brasilia Standard Time),720,
12_0_U,PINGO D'ÁGUA,Sat Dec 30 1899 16:00:00 GMT-0306 (Brasilia Standard Time),Sat Dec 30 1899 17:00:00 GMT-0306 (Brasilia Standard Time),360,
12_0_U,PINGO D'ÁGUA,Sat Dec 30 1899 17:00:00 GMT-0306 (Brasilia Standard Time),Sat Dec 30 1899 18:00:00 GMT-0306 (Brasilia Standard Time),360,
12_0_U,PINGO D'ÁGUA,Sat Dec 30 1899 18:00:00 GMT-0306 (Brasilia Standard Time),Sat Dec 30 1899 19:00:00 GMT-0306 (Brasilia Standard Time),360,
12_0_U,PINGO D'ÁGUA,Sat Dec 30 1899 19:00:00 GMT-0306 (Brasilia Standard Time),Sat Dec 30 1899 20:00:00 GMT-0306 (Brasilia Standard Time),600,
12_0_U,PINGO D'ÁGUA,Sat Dec 30 1899 20:00:00 GMT-0306 (Brasilia Standard Time),Sat Dec 30 1899 21:00:00 GMT-0306 (Brasilia Standard Time),720,
12_1_U,TERMINAL ALVORADA,Sat Dec 30 1899 04:00:00 GMT-0306 (Brasilia Standard Time),Sat Dec 30 1899 05:00:00 GMT-0306 (Brasilia Standard Time),720,
12_1_U,TERMINAL ALVORADA,Sat Dec 30 1899 05:00:00 GMT-0306 (Brasilia Standard Time),Sat Dec 30 1899 06:00:00 GMT-0306 (Brasilia Standard Time),300,
12_1_U,TERMINAL ALVORADA,Sat Dec 30 1899 06:00:00 GMT-0306 (Brasilia Standard Time),Sat Dec 30 1899 07:00:00 GMT-0306 (Brasilia Standard Time),300,
12_1_U,TERMINAL ALVORADA,Sat Dec 30 1899 07:00:00 GMT-0306 (Brasilia Standard Time),Sat Dec 30 1899 08:00:00 GMT-0306 (Brasilia Standard Time),300,
12_1_U,TERMINAL ALVORADA,Sat Dec 30 1899 08:00:00 GMT-0306 (Brasilia Standard Time),Sat Dec 30 1899 09:00:00 GMT-0306 (Brasilia Standard Time),600,
12_1_U,TERMINAL ALVORADA,Sat Dec 30 1899 09:00:00 GMT-0306 (Brasilia Standard Time),Sat Dec 30 1899 10:00:00 GMT-0306 (Brasilia Standard Time),720,
12_1_U,TERMINAL ALVORADA,Sat Dec 30 1899 10:00:00 GMT-0306 (Brasilia Standard Time),Sat Dec 30 1899 11:00:00 GMT-0306 (Brasilia Standard Time),900,
12_1_U,TERMINAL ALVORADA,Sat Dec 30 1899 11:00:00 GMT-0306 (Brasilia Standard Time),Sat Dec 30 1899 12:00:00 GMT-0306 (Brasilia Standard Time),900,
12_1_U,TERMINAL ALVORADA,Sat Dec 30 1899 12:00:00 GMT-0306 (Brasilia Standard Time),Sat Dec 30 1899 13:00:00 GMT-0306 (Brasilia Standard Time),900,
12_1_U,TERMINAL ALVORADA,Sat Dec 30 1899 13:00:00 GMT-0306 (Brasilia Standard Time),Sat Dec 30 1899 14:00:00 GMT-0306 (Brasilia Standard Time),900,
12_1_U,TERMINAL ALVORADA,Sat Dec 30 1899 14:00:00 GMT-0306 (Brasilia Standard Time),Sat Dec 30 1899 15:00:00 GMT-0306 (Brasilia Standard Time),900,
12_1_U,TERMINAL ALVORADA,Sat Dec 30 1899 15:00:00 GMT-0306 (Brasilia Standard Time),Sat Dec 30 1899 16:00:00 GMT-0306 (Brasilia Standard Time),720,
12_1_U,TERMINAL ALVORADA,Sat Dec 30 1899 16:00:00 GMT-0306 (Brasilia Standard Time),Sat Dec 30 1899 17:00:00 GMT-0306 (Brasilia Standard Time),720,
12_1_U,TERMINAL ALVORADA,Sat Dec 30 1899 17:00:00 GMT-0306 (Brasilia Standard Time),Sat Dec 30 1899 18:00:00 GMT-0306 (Brasilia Standard Time),480,
12_1_U,TERMINAL ALVORADA,Sat Dec 30 1899 18:00:00 GMT-0306 (Brasilia Standard Time),Sat Dec 30 1899 19:00:00 GMT-0306 (Brasilia Standard Time),600,
12_1_U,TERMINAL ALVORADA,Sat Dec 30 1899 19:00:00 GMT-0306 (Brasilia Standard Time),Sat Dec 30 1899 20:00:00 GMT-0306 (Brasilia Standard Time),720,
13_0_U,MATO ALTO,Sat Dec 30 1899 05:00:00 GMT-0306 (Brasilia Standard Time),Sat Dec 30 1899 06:00:00 GMT-0306 (Brasilia Standard Time),900,
13_0_U,MATO ALTO,Sat Dec 30 1899 06:00:00 GMT-0306 (Brasilia Standard Time),Sat Dec 30 1899 07:00:00 GMT-0306 (Brasilia Standard Time),480,
13_0_U,MATO ALTO,Sat Dec 30 1899 07:00:00 GMT-0306 (Brasilia Standard Time),Sat Dec 30 1899 08:00:00 GMT-0306 (Brasilia Standard Time),720,
13_0_U,MATO ALTO,Sat Dec 30 1899 08:00:00 GMT-0306 (Brasilia Standard Time),Sat Dec 30 1899 09:00:00 GMT-0306 (Brasilia Standard Time),900,
13_0_U,MATO ALTO,Sat Dec 30 1899 15:00:00 GMT-0306 (Brasilia Standard Time),Sat Dec 30 1899 16:00:00 GMT-0306 (Brasilia Standard Time),900,
13_0_U,MATO ALTO,Sat Dec 30 1899 16:00:00 GMT-0306 (Brasilia Standard Time),Sat Dec 30 1899 17:00:00 GMT-0306 (Brasilia Standard Time),600,
13_0_U,MATO ALTO,Sat Dec 30 1899 17:00:00 GMT-0306 (Brasilia Standard Time),Sat Dec 30 1899 18:00:00 GMT-0306 (Brasilia Standard Time),360,
13_0_U,MATO ALTO,Sat Dec 30 1899 18:00:00 GMT-0306 (Brasilia Standard Time),Sat Dec 30 1899 19:00:00 GMT-0306 (Brasilia Standard Time),360,
13_0_U,MATO ALTO,Sat Dec 30 1899 19:00:00 GMT-0306 (Brasilia Standard Time),Sat Dec 30 1899 20:00:00 GMT-0306 (Brasilia Standard Time),480,
13_1_U,TERMINAL ALVORADA,Sat Dec 30 1899 04:00:00 GMT-0306 (Brasilia Standard Time),Sat Dec 30 1899 05:00:00 GMT-0306 (Brasilia Standard Time),900,
13_1_U,TERMINAL ALVORADA,Sat Dec 30 1899 05:00:00 GMT-0306 (Brasilia Standard Time),Sat Dec 30 1899 06:00:00 GMT-0306 (Brasilia Standard Time),480,
13_1_U,TERMINAL ALVORADA,Sat Dec 30 1899 06:00:00 GMT-0306 (Brasilia Standard Time),Sat Dec 30 1899 07:00:00 GMT-0306 (Brasilia Standard Time),360,
13_1_U,TERMINAL ALVORADA,Sat Dec 30 1899 07:00:00 GMT-0306 (Brasilia Standard Time),Sat Dec 30 1899 08:00:00 GMT-0306 (Brasilia Standard Time),360,
13_1_U,TERMINAL ALVORADA,Sat Dec 30 1899 08:00:00 GMT-0306 (Brasilia Standard Time),Sat Dec 30 1899 09:00:00 GMT-0306 (Brasilia Standard Time),600,
13_1_U,TERMINAL ALVORADA,Sat Dec 30 1899 09:00:00 GMT-0306 (Brasilia Standard Time),Sat Dec 30 1899 10:00:00 GMT-0306 (Brasilia Standard Time),900,
13_1_U,TERMINAL ALVORADA,Sat Dec 30 1899 16:00:00 GMT-0306 (Brasilia Standard Time),Sat Dec 30 1899 17:00:00 GMT-0306 (Brasilia Standard Time),900,
13_1_U,TERMINAL ALVORADA,Sat Dec 30 1899 17:00:00 GMT-0306 (Brasilia Standard Time),Sat Dec 30 1899 18:00:00 GMT-0306 (Brasilia Standard Time),600,
13_1_U,TERMINAL ALVORADA,Sat Dec 30 1899 18:00:00 GMT-0306 (Brasilia Standard Time),Sat Dec 30 1899 19:00:00 GMT-0306 (Brasilia Standard Time),480,
14_0_U,CAMPO GRANDE,Sat Dec 30 1899 06:00:00 GMT-0306 (Brasilia Standard Time),Sat Dec 30 1899 07:00:00 GMT-0306 (Brasilia Standard Time),900,
14_0_U,CAMPO GRANDE,Sat Dec 30 1899 16:00:00 GMT-0306 (Brasilia Standard Time),Sat Dec 30 1899 17:00:00 GMT-0306 (Brasilia Standard Time),900,
14_0_U,CAMPO GRANDE,Sat Dec 30 1899 17:00:00 GMT-0306 (Brasilia Standard Time),Sat Dec 30 1899 18:00:00 GMT-0306 (Brasilia Standard Time),900,
14_0_U,CAMPO GRANDE,Sat Dec 30 1899 18:00:00 GMT-0306 (Brasilia Standard Time),Sat Dec 30 1899 19:00:00 GMT-0306 (Brasilia Standard Time),900,
14_1_U,SALVADOR ALLENDE,Sat Dec 30 1899 05:00:00 GMT-0306 (Brasilia Standard Time),Sat Dec 30 1899 06:00:00 GMT-0306 (Brasilia Standard Time),900,
14_1_U,SALVADOR ALLENDE,Sat Dec 30 1899 06:00:00 GMT-0306 (Brasilia Standard Time),Sat Dec 30 1899 07:00:00 GMT-0306 (Brasilia Standard Time),900,
14_1_U,SALVADOR ALLENDE,Sat Dec 30 1899 07:00:00 GMT-0306 (Brasilia Standard Time),Sat Dec 30 1899 08:00:00 GMT-0306 (Brasilia Standard Time),900,
14_1_U,SALVADOR ALLENDE,Sat Dec 30 1899 17:00:00 GMT-0306 (Brasilia Standard Time),Sat Dec 30 1899 18:00:00 GMT-0306 (Brasilia Standard Time),900,
18_0_U,RECREIO SHOPPING,Sat Dec 30 1899 06:00:00 GMT-0306 (Brasilia Standard Time),Sat Dec 30 1899 07:00:00 GMT-0306 (Brasilia Standard Time),900,
18_0_U,RECREIO SHOPPING,Sat Dec 30 1899 07:00:00 GMT-0306 (Brasilia Standard Time),Sat Dec 30 1899 08:00:00 GMT-0306 (Brasilia Standard Time),900,
18_0_U,RECREIO SHOPPING,Sat Dec 30 1899 16:00:00 GMT-0306 (Brasilia Standard Time),Sat Dec 30 1899 17:00:00 GMT-0306 (Brasilia Standard Time),900,
18_0_U,RECREIO SHOPPING,Sat Dec 30 1899 17:00:00 GMT-0306 (Brasilia Standard Time),Sat Dec 30 1899 18:00:00 GMT-0306 (Brasilia Standard Time),900,
18_0_U,RECREIO SHOPPING,Sat Dec 30 1899 18:00:00 GMT-0306 (Brasilia Standard Time),Sat Dec 30 1899 19:00:00 GMT-0306 (Brasilia Standard Time),900,
18_1_U,JARDIM OCEÂNICO,Sat Dec 30 1899 05:00:00 GMT-0306 (Brasilia Standard Time),Sat Dec 30 1899 06:00:00 GMT-0306 (Brasilia Standard Time),900,
18_1_U,JARDIM OCEÂNICO,Sat Dec 30 1899 06:00:00 GMT-0306 (Brasilia Standard Time),Sat Dec 30 1899 07:00:00 GMT-0306 (Brasilia Standard Time),900,
18_1_U,JARDIM OCEÂNICO,Sat Dec 30 1899 07:00:00 GMT-0306 (Brasilia Standard Time),Sat Dec 30 1899 08:00:00 GMT-0306 (Brasilia Standard Time),900,
18_1_U,JARDIM OCEÂNICO,Sat Dec 30 1899 08:00:00 GMT-0306 (Brasilia Standard Time),Sat Dec 30 1899 09:00:00 GMT-0306 (Brasilia Standard Time),900,
18_1_U,JARDIM OCEÂNICO,Sat Dec 30 1899 17:00:00 GMT-0306 (Brasilia Standard Time),Sat Dec 30 1899 18:00:00 GMT-0306 (Brasilia Standard Time),900,
19_0_U,PINGO D´ÁGUA,Sat Dec 30 1899 05:00:00 GMT-0306 (Brasilia Standard Time),Sat Dec 30 1899 06:00:00 GMT-0306 (Brasilia Standard Time),900,
19_0_U,PINGO D´ÁGUA,Sat Dec 30 1899 06:00:00 GMT-0306 (Brasilia Standard Time),Sat Dec 30 1899 07:00:00 GMT-0306 (Brasilia Standard Time),900,
19_0_U,PINGO D´ÁGUA,Sat Dec 30 1899 07:00:00 GMT-0306 (Brasilia Standard Time),Sat Dec 30 1899 08:00:00 GMT-0306 (Brasilia Standard Time),720,
19_0_U,PINGO D´ÁGUA,Sat Dec 30 1899 16:00:00 GMT-0306 (Brasilia Standard Time),Sat Dec 30 1899 17:00:00 GMT-0306 (Brasilia Standard Time),720,
19_0_U,PINGO D´ÁGUA,Sat Dec 30 1899 17:00:00 GMT-0306 (Brasilia Standard Time),Sat Dec 30 1899 18:00:00 GMT-0306 (Brasilia Standard Time),600,
19_0_U,PINGO D´ÁGUA,Sat Dec 30 1899 18:00:00 GMT-0306 (Brasilia Standard Time),Sat Dec 30 1899 19:00:00 GMT-0306 (Brasilia Standard Time),600,
19_0_U,PINGO D´ÁGUA,Sat Dec 30 1899 19:00:00 GMT-0306 (Brasilia Standard Time),Sat Dec 30 1899 20:00:00 GMT-0306 (Brasilia Standard Time),900,
19_0_U,PINGO D´ÁGUA,Sat Dec 30 1899 20:00:00 GMT-0306 (Brasilia Standard Time),Sat Dec 30 1899 21:00:00 GMT-0306 (Brasilia Standard Time),900,
19_0_U,PINGO D´ÁGUA,Sat Dec 30 1899 21:00:00 GMT-0306 (Brasilia Standard Time),Sat Dec 30 1899 22:00:00 GMT-0306 (Brasilia Standard Time),900,
19_0_U,PINGO D´ÁGUA,Sat Dec 30 1899 22:00:00 GMT-0306 (Brasilia Standard Time),Sat Dec 30 1899 23:00:00 GMT-0306 (Brasilia Standard Time),900,
19_1_U,SALVADOR ALLENDE,Sat Dec 30 1899 04:00:00 GMT-0306 (Brasilia Standard Time),Sat Dec 30 1899 05:00:00 GMT-0306 (Brasilia Standard Time),900,
19_1_U,SALVADOR ALLENDE,Sat Dec 30 1899 05:00:00 GMT-0306 (Brasilia Standard Time),Sat Dec 30 1899 06:00:00 GMT-0306 (Brasilia Standard Time),600,
19_1_U,SALVADOR ALLENDE,Sat Dec 30 1899 06:00:00 GMT-0306 (Brasilia Standard Time),Sat Dec 30 1899 07:00:00 GMT-0306 (Brasilia Standard Time),600,
19_1_U,SALVADOR ALLENDE,Sat Dec 30 1899 07:00:00 GMT-0306 (Brasilia Standard Time),Sat Dec 30 1899 08:00:00 GMT-0306 (Brasilia Standard Time),600,
19_1_U,SALVADOR ALLENDE,Sat Dec 30 1899 08:00:00 GMT-0306 (Brasilia Standard Time),Sat Dec 30 1899 09:00:00 GMT-0306 (Brasilia Standard Time),900,
19_1_U,SALVADOR ALLENDE,Sat Dec 30 1899 17:00:00 GMT-0306 (Brasilia Standard Time),Sat Dec 30 1899 18:00:00 GMT-0306 (Brasilia Standard Time),900,
19_1_U,SALVADOR ALLENDE,Sat Dec 30 1899 18:00:00 GMT-0306 (Brasilia Standard Time),Sat Dec 30 1899 19:00:00 GMT-0306 (Brasilia Standard Time),900,
19_1_U,SALVADOR ALLENDE,Sat Dec 30 1899 19:00:00 GMT-0306 (Brasilia Standard Time),Sat Dec 30 1899 20:00:00 GMT-0306 (Brasilia Standard Time),900,
19_1_U,SALVADOR ALLENDE,Sat Dec 30 1899 20:00:00 GMT-0306 (Brasilia Standard Time),Sat Dec 30 1899 21:00:00 GMT-0306 (Brasilia Standard Time),900,
19_1_U,SALVADOR ALLENDE,Sat Dec 30 1899 21:00:00 GMT-0306 (Brasilia Standard Time),Sat Dec 30 1899 22:00:00 GMT-0306 (Brasilia Standard Time),900,
20_0_U,SANTA CRUZ,Sat Dec 30 1899 05:00:00 GMT-0306 (Brasilia Standard Time),Sat Dec 30 1899 06:00:00 GMT-0306 (Brasilia Standard Time),600,
20_0_U,SANTA CRUZ,Sat Dec 30 1899 06:00:00 GMT-0306 (Brasilia Standard Time),Sat Dec 30 1899 07:00:00 GMT-0306 (Brasilia Standard Time),480,
20_0_U,SANTA CRUZ,Sat Dec 30 1899 07:00:00 GMT-0306 (Brasilia Standard Time),Sat Dec 30 1899 08:00:00 GMT-0306 (Brasilia Standard Time),720,
20_0_U,SANTA CRUZ,Sat Dec 30 1899 08:00:00 GMT-0306 (Brasilia Standard Time),Sat Dec 30 1899 09:00:00 GMT-0306 (Brasilia Standard Time),720,
20_0_U,SANTA CRUZ,Sat Dec 30 1899 15:00:00 GMT-0306 (Brasilia Standard Time),Sat Dec 30 1899 16:00:00 GMT-0306 (Brasilia Standard Time),900,
20_0_U,SANTA CRUZ,Sat Dec 30 1899 16:00:00 GMT-0306 (Brasilia Standard Time),Sat Dec 30 1899 17:00:00 GMT-0306 (Brasilia Standard Time),480,
20_0_U,SANTA CRUZ,Sat Dec 30 1899 17:00:00 GMT-0306 (Brasilia Standard Time),Sat Dec 30 1899 18:00:00 GMT-0306 (Brasilia Standard Time),480,
20_0_U,SANTA CRUZ,Sat Dec 30 1899 18:00:00 GMT-0306 (Brasilia Standard Time),Sat Dec 30 1899 19:00:00 GMT-0306 (Brasilia Standard Time),600,
20_0_U,SANTA CRUZ,Sat Dec 30 1899 19:00:00 GMT-0306 (Brasilia Standard Time),Sat Dec 30 1899 20:00:00 GMT-0306 (Brasilia Standard Time),900,
20_1_U,SALVADOR ALLENDE,Sat Dec 30 1899 04:00:00 GMT-0306 (Brasilia Standard Time),Sat Dec 30 1899 05:00:00 GMT-0306 (Brasilia Standard Time),720,
20_1_U,SALVADOR ALLENDE,Sat Dec 30 1899 05:00:00 GMT-0306 (Brasilia Standard Time),Sat Dec 30 1899 06:00:00 GMT-0306 (Brasilia Standard Time),480,
20_1_U,SALVADOR ALLENDE,Sat Dec 30 1899 06:00:00 GMT-0306 (Brasilia Standard Time),Sat Dec 30 1899 07:00:00 GMT-0306 (Brasilia Standard Time),480,
20_1_U,SALVADOR ALLENDE,Sat Dec 30 1899 07:00:00 GMT-0306 (Brasilia Standard Time),Sat Dec 30 1899 08:00:00 GMT-0306 (Brasilia Standard Time),480,
20_1_U,SALVADOR ALLENDE,Sat Dec 30 1899 08:00:00 GMT-0306 (Brasilia Standard Time),Sat Dec 30 1899 09:00:00 GMT-0306 (Brasilia Standard Time),720,
20_1_U,SALVADOR ALLENDE,Sat Dec 30 1899 16:00:00 GMT-0306 (Brasilia Standard Time),Sat Dec 30 1899 17:00:00 GMT-0306 (Brasilia Standard Time),900,
20_1_U,SALVADOR ALLENDE,Sat Dec 30 1899 17:00:00 GMT-0306 (Brasilia Standard Time),Sat Dec 30 1899 18:00:00 GMT-0306 (Brasilia Standard Time),480,
20_1_U,SALVADOR ALLENDE,Sat Dec 30 1899 18:00:00 GMT-0306 (Brasilia Standard Time),Sat Dec 30 1899 19:00:00 GMT-0306 (Brasilia Standard Time),720,
22_0_U,TERMINAL ALVORADA,Sat Dec 30 1899 04:00:00 GMT-0306 (Brasilia Standard Time),Sat Dec 30 1899 05:00:00 GMT-0306 (Brasilia Standard Time),900,
22_0_U,TERMINAL ALVORADA,Sat Dec 30 1899 05:00:00 GMT-0306 (Brasilia Standard Time),Sat Dec 30 1899 06:00:00 GMT-0306 (Brasilia Standard Time),360,
22_0_U,TERMINAL ALVORADA,Sat Dec 30 1899 06:00:00 GMT-0306 (Brasilia Standard Time),Sat Dec 30 1899 07:00:00 GMT-0306 (Brasilia Standard Time),180,
22_0_U,TERMINAL ALVORADA,Sat Dec 30 1899 07:00:00 GMT-0306 (Brasilia Standard Time),Sat Dec 30 1899 08:00:00 GMT-0306 (Brasilia Standard Time),180,
22_0_U,TERMINAL ALVORADA,Sat Dec 30 1899 08:00:00 GMT-0306 (Brasilia Standard Time),Sat Dec 30 1899 09:00:00 GMT-0306 (Brasilia Standard Time),360,
22_0_U,TERMINAL ALVORADA,Sat Dec 30 1899 09:00:00 GMT-0306 (Brasilia Standard Time),Sat Dec 30 1899 10:00:00 GMT-0306 (Brasilia Standard Time),900,
22_0_U,TERMINAL ALVORADA,Sat Dec 30 1899 10:00:00 GMT-0306 (Brasilia Standard Time),Sat Dec 30 1899 11:00:00 GMT-0306 (Brasilia Standard Time),900,
22_0_U,TERMINAL ALVORADA,Sat Dec 30 1899 11:00:00 GMT-0306 (Brasilia Standard Time),Sat Dec 30 1899 12:00:00 GMT-0306 (Brasilia Standard Time),900,
22_0_U,TERMINAL ALVORADA,Sat Dec 30 1899 12:00:00 GMT-0306 (Brasilia Standard Time),Sat Dec 30 1899 13:00:00 GMT-0306 (Brasilia Standard Time),900,
22_0_U,TERMINAL ALVORADA,Sat Dec 30 1899 13:00:00 GMT-0306 (Brasilia Standard Time),Sat Dec 30 1899 14:00:00 GMT-0306 (Brasilia Standard Time),900,
22_0_U,TERMINAL ALVORADA,Sat Dec 30 1899 14:00:00 GMT-0306 (Brasilia Standard Time),Sat Dec 30 1899 15:00:00 GMT-0306 (Brasilia Standard Time),600,
22_0_U,TERMINAL ALVORADA,Sat Dec 30 1899 15:00:00 GMT-0306 (Brasilia Standard Time),Sat Dec 30 1899 16:00:00 GMT-0306 (Brasilia Standard Time),480,
22_0_U,TERMINAL ALVORADA,Sat Dec 30 1899 16:00:00 GMT-0306 (Brasilia Standard Time),Sat Dec 30 1899 17:00:00 GMT-0306 (Brasilia Standard Time),600,
22_0_U,TERMINAL ALVORADA,Sat Dec 30 1899 17:00:00 GMT-0306 (Brasilia Standard Time),Sat Dec 30 1899 18:00:00 GMT-0306 (Brasilia Standard Time),480,
22_0_U,TERMINAL ALVORADA,Sat Dec 30 1899 18:00:00 GMT-0306 (Brasilia Standard Time),Sat Dec 30 1899 19:00:00 GMT-0306 (Brasilia Standard Time),480,
22_0_U,TERMINAL ALVORADA,Sat Dec 30 1899 19:00:00 GMT-0306 (Brasilia Standard Time),Sat Dec 30 1899 20:00:00 GMT-0306 (Brasilia Standard Time),600,
22_0_U,TERMINAL ALVORADA,Sat Dec 30 1899 20:00:00 GMT-0306 (Brasilia Standard Time),Sat Dec 30 1899 21:00:00 GMT-0306 (Brasilia Standard Time),600,
22_1_U,JARDIM OCEÂNICO,Sat Dec 30 1899 04:00:00 GMT-0306 (Brasilia Standard Time),Sat Dec 30 1899 05:00:00 GMT-0306 (Brasilia Standard Time),600,
22_1_U,JARDIM OCEÂNICO,Sat Dec 30 1899 05:00:00 GMT-0306 (Brasilia Standard Time),Sat Dec 30 1899 06:00:00 GMT-0306 (Brasilia Standard Time),600,
22_1_U,JARDIM OCEÂNICO,Sat Dec 30 1899 06:00:00 GMT-0306 (Brasilia Standard Time),Sat Dec 30 1899 07:00:00 GMT-0306 (Brasilia Standard Time),600,
22_1_U,JARDIM OCEÂNICO,Sat Dec 30 1899 07:00:00 GMT-0306 (Brasilia Standard Time),Sat Dec 30 1899 08:00:00 GMT-0306 (Brasilia Standard Time),600,
22_1_U,JARDIM OCEÂNICO,Sat Dec 30 1899 08:00:00 GMT-0306 (Brasilia Standard Time),Sat Dec 30 1899 09:00:00 GMT-0306 (Brasilia Standard Time),600,
22_1_U,JARDIM OCEÂNICO,Sat Dec 30 1899 09:00:00 GMT-0306 (Brasilia Standard Time),Sat Dec 30 1899 10:00:00 GMT-0306 (Brasilia Standard Time),600,
22_1_U,JARDIM OCEÂNICO,Sat Dec 30 1899 10:00:00 GMT-0306 (Brasilia Standard Time),Sat Dec 30 1899 11:00:00 GMT-0306 (Brasilia Standard Time),900,
22_1_U,JARDIM OCEÂNICO,Sat Dec 30 1899 11:00:00 GMT-0306 (Brasilia Standard Time),Sat Dec 30 1899 12:00:00 GMT-0306 (Brasilia Standard Time),900,
22_1_U,JARDIM OCEÂNICO,Sat Dec 30 1899 12:00:00 GMT-0306 (Brasilia Standard Time),Sat Dec 30 1899 13:00:00 GMT-0306 (Brasilia Standard Time),900,
22_1_U,JARDIM OCEÂNICO,Sat Dec 30 1899 13:00:00 GMT-0306 (Brasilia Standard Time),Sat Dec 30 1899 14:00:00 GMT-0306 (Brasilia Standard Time),900,
22_1_U,JARDIM OCEÂNICO,Sat Dec 30 1899 14:00:00 GMT-0306 (Brasilia Standard Time),Sat Dec 30 1899 15:00:00 GMT-0306 (Brasilia Standard Time),600,
22_1_U,JARDIM OCEÂNICO,Sat Dec 30 1899 15:00:00 GMT-0306 (Brasilia Standard Time),Sat Dec 30 1899 16:00:00 GMT-0306 (Brasilia Standard Time),480,
22_1_U,JARDIM OCEÂNICO,Sat Dec 30 1899 16:00:00 GMT-0306 (Brasilia Standard Time),Sat Dec 30 1899 17:00:00 GMT-0306 (Brasilia Standard Time),360,
22_1_U,JARDIM OCEÂNICO,Sat Dec 30 1899 17:00:00 GMT-0306 (Brasilia Standard Time),Sat Dec 30 1899 18:00:00 GMT-0306 (Brasilia Standard Time),240,
22_1_U,JARDIM OCEÂNICO,Sat Dec 30 1899 18:00:00 GMT-0306 (Brasilia Standard Time),Sat Dec 30 1899 19:00:00 GMT-0306 (Brasilia Standard Time),240,
22_1_U,JARDIM OCEÂNICO,Sat Dec 30 1899 19:00:00 GMT-0306 (Brasilia Standard Time),Sat Dec 30 1899 20:00:00 GMT-0306 (Brasilia Standard Time),360,
22_1_U,JARDIM OCEÂNICO,Sat Dec 30 1899 20:00:00 GMT-0306 (Brasilia Standard Time),Sat Dec 30 1899 21:00:00 GMT-0306 (Brasilia Standard Time),720,
25A_0_U,MATO ALTO,Sat Dec 30 1899 04:00:00 GMT-0306 (Brasilia Standard Time),Sat Dec 30 1899 05:00:00 GMT-0306 (Brasilia Standard Time),900,
25A_0_U,MATO ALTO,Sat Dec 30 1899 05:00:00 GMT-0306 (Brasilia Standard Time),Sat Dec 30 1899 06:00:00 GMT-0306 (Brasilia Standard Time),900,
25A_0_U,MATO ALTO,Sat Dec 30 1899 06:00:00 GMT-0306 (Brasilia Standard Time),Sat Dec 30 1899 07:00:00 GMT-0306 (Brasilia Standard Time),600,
25A_0_U,MATO ALTO,Sat Dec 30 1899 07:00:00 GMT-0306 (Brasilia Standard Time),Sat Dec 30 1899 08:00:00 GMT-0306 (Brasilia Standard Time),600,
25A_0_U,MATO ALTO,Sat Dec 30 1899 08:00:00 GMT-0306 (Brasilia Standard Time),Sat Dec 30 1899 09:00:00 GMT-0306 (Brasilia Standard Time),720,
25A_0_U,MATO ALTO,Sat Dec 30 1899 09:00:00 GMT-0306 (Brasilia Standard Time),Sat Dec 30 1899 10:00:00 GMT-0306 (Brasilia Standard Time),900,
25A_0_U,MATO ALTO,Sat Dec 30 1899 10:00:00 GMT-0306 (Brasilia Standard Time),Sat Dec 30 1899 11:00:00 GMT-0306 (Brasilia Standard Time),900,
25A_0_U,MATO ALTO,Sat Dec 30 1899 11:00:00 GMT-0306 (Brasilia Standard Time),Sat Dec 30 1899 12:00:00 GMT-0306 (Brasilia Standard Time),900,
25A_0_U,MATO ALTO,Sat Dec 30 1899 12:00:00 GMT-0306 (Brasilia Standard Time),Sat Dec 30 1899 13:00:00 GMT-0306 (Brasilia Standard Time),900,
25A_0_U,MATO ALTO,Sat Dec 30 1899 13:00:00 GMT-0306 (Brasilia Standard Time),Sat Dec 30 1899 14:00:00 GMT-0306 (Brasilia Standard Time),900,
25A_0_U,MATO ALTO,Sat Dec 30 1899 14:00:00 GMT-0306 (Brasilia Standard Time),Sat Dec 30 1899 15:00:00 GMT-0306 (Brasilia Standard Time),900,
25A_0_U,MATO ALTO,Sat Dec 30 1899 15:00:00 GMT-0306 (Brasilia Standard Time),Sat Dec 30 1899 16:00:00 GMT-0306 (Brasilia Standard Time),720,
25A_0_U,MATO ALTO,Sat Dec 30 1899 16:00:00 GMT-0306 (Brasilia Standard Time),Sat Dec 30 1899 17:00:00 GMT-0306 (Brasilia Standard Time),600,
25A_0_U,MATO ALTO,Sat Dec 30 1899 17:00:00 GMT-0306 (Brasilia Standard Time),Sat Dec 30 1899 18:00:00 GMT-0306 (Brasilia Standard Time),600,
25A_0_U,MATO ALTO,Sat Dec 30 1899 18:00:00 GMT-0306 (Brasilia Standard Time),Sat Dec 30 1899 19:00:00 GMT-0306 (Brasilia Standard Time),600,
25A_0_U,MATO ALTO,Sat Dec 30 1899 19:00:00 GMT-0306 (Brasilia Standard Time),Sat Dec 30 1899 20:00:00 GMT-0306 (Brasilia Standard Time),900,
25A_0_U,MATO ALTO,Sat Dec 30 1899 20:00:00 GMT-0306 (Brasilia Standard Time),Sat Dec 30 1899 21:00:00 GMT-0306 (Brasilia Standard Time),900,
25A_0_U,MATO ALTO,Sat Dec 30 1899 21:00:00 GMT-0306 (Brasilia Standard Time),Sat Dec 30 1899 22:00:00 GMT-0306 (Brasilia Standard Time),900,
25A_0_U,MATO ALTO,Sat Dec 30 1899 22:00:00 GMT-0306 (Brasilia Standard Time),Sat Dec 30 1899 23:00:00 GMT-0306 (Brasilia Standard Time),900,
25A_1_U,TERMINAL ALVORADA,Sat Dec 30 1899 04:00:00 GMT-0306 (Brasilia Standard Time),Sat Dec 30 1899 05:00:00 GMT-0306 (Brasilia Standard Time),900,
25A_1_U,TERMINAL ALVORADA,Sat Dec 30 1899 05:00:00 GMT-0306 (Brasilia Standard Time),Sat Dec 30 1899 06:00:00 GMT-0306 (Brasilia Standard Time),600,
25A_1_U,TERMINAL ALVORADA,Sat Dec 30 1899 06:00:00 GMT-0306 (Brasilia Standard Time),Sat Dec 30 1899 07:00:00 GMT-0306 (Brasilia Standard Time),480,
25A_1_U,TERMINAL ALVORADA,Sat Dec 30 1899 07:00:00 GMT-0306 (Brasilia Standard Time),Sat Dec 30 1899 08:00:00 GMT-0306 (Brasilia Standard Time),600,
25A_1_U,TERMINAL ALVORADA,Sat Dec 30 1899 08:00:00 GMT-0306 (Brasilia Standard Time),Sat Dec 30 1899 09:00:00 GMT-0306 (Brasilia Standard Time),720,
25A_1_U,TERMINAL ALVORADA,Sat Dec 30 1899 09:00:00 GMT-0306 (Brasilia Standard Time),Sat Dec 30 1899 10:00:00 GMT-0306 (Brasilia Standard Time),900,
25A_1_U,TERMINAL ALVORADA,Sat Dec 30 1899 10:00:00 GMT-0306 (Brasilia Standard Time),Sat Dec 30 1899 11:00:00 GMT-0306 (Brasilia Standard Time),900,
25A_1_U,TERMINAL ALVORADA,Sat Dec 30 1899 11:00:00 GMT-0306 (Brasilia Standard Time),Sat Dec 30 1899 12:00:00 GMT-0306 (Brasilia Standard Time),900,
25A_1_U,TERMINAL ALVORADA,Sat Dec 30 1899 12:00:00 GMT-0306 (Brasilia Standard Time),Sat Dec 30 1899 13:00:00 GMT-0306 (Brasilia Standard Time),900,
25A_1_U,TERMINAL ALVORADA,Sat Dec 30 1899 13:00:00 GMT-0306 (Brasilia Standard Time),Sat Dec 30 1899 14:00:00 GMT-0306 (Brasilia Standard Time),900,
25A_1_U,TERMINAL ALVORADA,Sat Dec 30 1899 14:00:00 GMT-0306 (Brasilia Standard Time),Sat Dec 30 1899 15:00:00 GMT-0306 (Brasilia Standard Time),900,
25A_1_U,TERMINAL ALVORADA,Sat Dec 30 1899 15:00:00 GMT-0306 (Brasilia Standard Time),Sat Dec 30 1899 16:00:00 GMT-0306 (Brasilia Standard Time),720,
25A_1_U,TERMINAL ALVORADA,Sat Dec 30 1899 16:00:00 GMT-0306 (Brasilia Standard Time),Sat Dec 30 1899 17:00:00 GMT-0306 (Brasilia Standard Time),600,
25A_1_U,TERMINAL ALVORADA,Sat Dec 30 1899 17:00:00 GMT-0306 (Brasilia Standard Time),Sat Dec 30 1899 18:00:00 GMT-0306 (Brasilia Standard Time),600,
25A_1_U,TERMINAL ALVORADA,Sat Dec 30 1899 18:00:00 GMT-0306 (Brasilia Standard Time),Sat Dec 30 1899 19:00:00 GMT-0306 (Brasilia Standard Time),600,
25A_1_U,TERMINAL ALVORADA,Sat Dec 30 1899 19:00:00 GMT-0306 (Brasilia Standard Time),Sat Dec 30 1899 20:00:00 GMT-0306 (Brasilia Standard Time),900,
25A_1_U,TERMINAL ALVORADA,Sat Dec 30 1899 20:00:00 GMT-0306 (Brasilia Standard Time),Sat Dec 30 1899 21:00:00 GMT-0306 (Brasilia Standard Time),900,
25A_1_U,TERMINAL ALVORADA,Sat Dec 30 1899 21:00:00 GMT-0306 (Brasilia Standard Time),Sat Dec 30 1899 22:00:00 GMT-0306 (Brasilia Standard Time),900,
25A_1_U,TERMINAL ALVORADA,Sat Dec 30 1899 22:00:00 GMT-0306 (Brasilia Standard Time),Sat Dec 30 1899 23:00:00 GMT-0306 (Brasilia Standard Time),900,
31_0_U,VICENTE DE CARVALHO,Sat Dec 30 1899 06:00:00 GMT-0306 (Brasilia Standard Time),Sat Dec 30 1899 07:00:00 GMT-0306 (Brasilia Standard Time),900,
31_0_U,VICENTE DE CARVALHO,Sat Dec 30 1899 17:00:00 GMT-0306 (Brasilia Standard Time),Sat Dec 30 1899 18:00:00 GMT-0306 (Brasilia Standard Time),900,
31_0_U,VICENTE DE CARVALHO,Sat Dec 30 1899 18:00:00 GMT-0306 (Brasilia Standard Time),Sat Dec 30 1899 19:00:00 GMT-0306 (Brasilia Standard Time),900,
31_1_U,TERMINAL ALVORADA,Sat Dec 30 1899 05:00:00 GMT-0306 (Brasilia Standard Time),Sat Dec 30 1899 06:00:00 GMT-0306 (Brasilia Standard Time),900,
31_1_U,TERMINAL ALVORADA,Sat Dec 30 1899 06:00:00 GMT-0306 (Brasilia Standard Time),Sat Dec 30 1899 07:00:00 GMT-0306 (Brasilia Standard Time),900,
31_1_U,TERMINAL ALVORADA,Sat Dec 30 1899 07:00:00 GMT-0306 (Brasilia Standard Time),Sat Dec 30 1899 08:00:00 GMT-0306 (Brasilia Standard Time),900,
31_1_U,TERMINAL ALVORADA,Sat Dec 30 1899 18:00:00 GMT-0306 (Brasilia Standard Time),Sat Dec 30 1899 19:00:00 GMT-0306 (Brasilia Standard Time),900,
35A_0_U,TERMINAL MADUREIRA,Sat Dec 30 1899 04:00:00 GMT-0306 (Brasilia Standard Time),Sat Dec 30 1899 05:00:00 GMT-0306 (Brasilia Standard Time),900,
35A_0_U,TERMINAL MADUREIRA,Sat Dec 30 1899 05:00:00 GMT-0306 (Brasilia Standard Time),Sat Dec 30 1899 06:00:00 GMT-0306 (Brasilia Standard Time),900,
35A_0_U,TERMINAL MADUREIRA,Sat Dec 30 1899 06:00:00 GMT-0306 (Brasilia Standard Time),Sat Dec 30 1899 07:00:00 GMT-0306 (Brasilia Standard Time),480,
35A_0_U,TERMINAL MADUREIRA,Sat Dec 30 1899 07:00:00 GMT-0306 (Brasilia Standard Time),Sat Dec 30 1899 08:00:00 GMT-0306 (Brasilia Standard Time),600,
35A_0_U,TERMINAL MADUREIRA,Sat Dec 30 1899 08:00:00 GMT-0306 (Brasilia Standard Time),Sat Dec 30 1899 09:00:00 GMT-0306 (Brasilia Standard Time),900,
35A_0_U,TERMINAL MADUREIRA,Sat Dec 30 1899 09:00:00 GMT-0306 (Brasilia Standard Time),Sat Dec 30 1899 10:00:00 GMT-0306 (Brasilia Standard Time),900,
35A_0_U,TERMINAL MADUREIRA,Sat Dec 30 1899 10:00:00 GMT-0306 (Brasilia Standard Time),Sat Dec 30 1899 11:00:00 GMT-0306 (Brasilia Standard Time),900,
35A_0_U,TERMINAL MADUREIRA,Sat Dec 30 1899 11:00:00 GMT-0306 (Brasilia Standard Time),Sat Dec 30 1899 12:00:00 GMT-0306 (Brasilia Standard Time),900,
35A_0_U,TERMINAL MADUREIRA,Sat Dec 30 1899 12:00:00 GMT-0306 (Brasilia Standard Time),Sat Dec 30 1899 13:00:00 GMT-0306 (Brasilia Standard Time),900,
35A_0_U,TERMINAL MADUREIRA,Sat Dec 30 1899 13:00:00 GMT-0306 (Brasilia Standard Time),Sat Dec 30 1899 14:00:00 GMT-0306 (Brasilia Standard Time),900,
35A_0_U,TERMINAL MADUREIRA,Sat Dec 30 1899 14:00:00 GMT-0306 (Brasilia Standard Time),Sat Dec 30 1899 15:00:00 GMT-0306 (Brasilia Standard Time),900,
35A_0_U,TERMINAL MADUREIRA,Sat Dec 30 1899 15:00:00 GMT-0306 (Brasilia Standard Time),Sat Dec 30 1899 16:00:00 GMT-0306 (Brasilia Standard Time),720,
35A_0_U,TERMINAL MADUREIRA,Sat Dec 30 1899 16:00:00 GMT-0306 (Brasilia Standard Time),Sat Dec 30 1899 17:00:00 GMT-0306 (Brasilia Standard Time),600,
35A_0_U,TERMINAL MADUREIRA,Sat Dec 30 1899 17:00:00 GMT-0306 (Brasilia Standard Time),Sat Dec 30 1899 18:00:00 GMT-0306 (Brasilia Standard Time),480,
35A_0_U,TERMINAL MADUREIRA,Sat Dec 30 1899 18:00:00 GMT-0306 (Brasilia Standard Time),Sat Dec 30 1899 19:00:00 GMT-0306 (Brasilia Standard Time),480,
35A_0_U,TERMINAL MADUREIRA,Sat Dec 30 1899 19:00:00 GMT-0306 (Brasilia Standard Time),Sat Dec 30 1899 20:00:00 GMT-0306 (Brasilia Standard Time),600,
35A_0_U,TERMINAL MADUREIRA,Sat Dec 30 1899 20:00:00 GMT-0306 (Brasilia Standard Time),Sat Dec 30 1899 21:00:00 GMT-0306 (Brasilia Standard Time),900,
35A_0_U,TERMINAL MADUREIRA,Sat Dec 30 1899 21:00:00 GMT-0306 (Brasilia Standard Time),Sat Dec 30 1899 22:00:00 GMT-0306 (Brasilia Standard Time),900,
35A_0_U,TERMINAL MADUREIRA,Sat Dec 30 1899 22:00:00 GMT-0306 (Brasilia Standard Time),Sat Dec 30 1899 23:00:00 GMT-0306 (Brasilia Standard Time),900,
35A_1_U,JARDIM OCEÂNICO,Sat Dec 30 1899 04:00:00 GMT-0306 (Brasilia Standard Time),Sat Dec 30 1899 05:00:00 GMT-0306 (Brasilia Standard Time),900,
35A_1_U,JARDIM OCEÂNICO,Sat Dec 30 1899 05:00:00 GMT-0306 (Brasilia Standard Time),Sat Dec 30 1899 06:00:00 GMT-0306 (Brasilia Standard Time),480,
35A_1_U,JARDIM OCEÂNICO,Sat Dec 30 1899 06:00:00 GMT-0306 (Brasilia Standard Time),Sat Dec 30 1899 07:00:00 GMT-0306 (Brasilia Standard Time),360,
35A_1_U,JARDIM OCEÂNICO,Sat Dec 30 1899 07:00:00 GMT-0306 (Brasilia Standard Time),Sat Dec 30 1899 08:00:00 GMT-0306 (Brasilia Standard Time),360,
35A_1_U,JARDIM OCEÂNICO,Sat Dec 30 1899 08:00:00 GMT-0306 (Brasilia Standard Time),Sat Dec 30 1899 09:00:00 GMT-0306 (Brasilia Standard Time),480,
35A_1_U,JARDIM OCEÂNICO,Sat Dec 30 1899 09:00:00 GMT-0306 (Brasilia Standard Time),Sat Dec 30 1899 10:00:00 GMT-0306 (Brasilia Standard Time),600,
35A_1_U,JARDIM OCEÂNICO,Sat Dec 30 1899 10:00:00 GMT-0306 (Brasilia Standard Time),Sat Dec 30 1899 11:00:00 GMT-0306 (Brasilia Standard Time),900,
35A_1_U,JARDIM OCEÂNICO,Sat Dec 30 1899 11:00:00 GMT-0306 (Brasilia Standard Time),Sat Dec 30 1899 12:00:00 GMT-0306 (Brasilia Standard Time),900,
35A_1_U,JARDIM OCEÂNICO,Sat Dec 30 1899 12:00:00 GMT-0306 (Brasilia Standard Time),Sat Dec 30 1899 13:00:00 GMT-0306 (Brasilia Standard Time),900,
35A_1_U,JARDIM OCEÂNICO,Sat Dec 30 1899 13:00:00 GMT-0306 (Brasilia Standard Time),Sat Dec 30 1899 14:00:00 GMT-0306 (Brasilia Standard Time),900,
35A_1_U,JARDIM OCEÂNICO,Sat Dec 30 1899 14:00:00 GMT-0306 (Brasilia Standard Time),Sat Dec 30 1899 15:00:00 GMT-0306 (Brasilia Standard Time),900,
35A_1_U,JARDIM OCEÂNICO,Sat Dec 30 1899 15:00:00 GMT-0306 (Brasilia Standard Time),Sat Dec 30 1899 16:00:00 GMT-0306 (Brasilia Standard Time),900,
35A_1_U,JARDIM OCEÂNICO,Sat Dec 30 1899 16:00:00 GMT-0306 (Brasilia Standard Time),Sat Dec 30 1899 17:00:00 GMT-0306 (Brasilia Standard Time),720,
35A_1_U,JARDIM OCEÂNICO,Sat Dec 30 1899 17:00:00 GMT-0306 (Brasilia Standard Time),Sat Dec 30 1899 18:00:00 GMT-0306 (Brasilia Standard Time),600,
35A_1_U,JARDIM OCEÂNICO,Sat Dec 30 1899 18:00:00 GMT-0306 (Brasilia Standard Time),Sat Dec 30 1899 19:00:00 GMT-0306 (Brasilia Standard Time),600,
35A_1_U,JARDIM OCEÂNICO,Sat Dec 30 1899 19:00:00 GMT-0306 (Brasilia Standard Time),Sat Dec 30 1899 20:00:00 GMT-0306 (Brasilia Standard Time),900,
35A_1_U,JARDIM OCEÂNICO,Sat Dec 30 1899 20:00:00 GMT-0306 (Brasilia Standard Time),Sat Dec 30 1899 21:00:00 GMT-0306 (Brasilia Standard Time),900,
35A_1_U,JARDIM OCEÂNICO,Sat Dec 30 1899 21:00:00 GMT-0306 (Brasilia Standard Time),Sat Dec 30 1899 22:00:00 GMT-0306 (Brasilia Standard Time),900,
35A_1_U,JARDIM OCEÂNICO,Sat Dec 30 1899 22:00:00 GMT-0306 (Brasilia Standard Time),Sat Dec 30 1899 23:00:00 GMT-0306 (Brasilia Standard Time),900,
38_0_U,FUNDÃO,Sat Dec 30 1899 22:00:00 GMT-0306 (Brasilia Standard Time),Sat Dec 30 1899 23:00:00 GMT-0306 (Brasilia Standard Time),900,
38_0_U,FUNDÃO,Sat Dec 30 1899 23:00:00 GMT-0306 (Brasilia Standard Time),Sat Dec 30 1899 23:59:00 GMT-0306 (Brasilia Standard Time),900,
38_0_U,FUNDÃO,Sat Dec 30 1899 00:00:00 GMT-0306 (Brasilia Standard Time),Sat Dec 30 1899 01:00:00 GMT-0306 (Brasilia Standard Time),900,
38_1_U,TERMINAL ALVORADA,Sat Dec 30 1899 22:00:00 GMT-0306 (Brasilia Standard Time),Sat Dec 30 1899 23:00:00 GMT-0306 (Brasilia Standard Time),900,
38_1_U,TERMINAL ALVORADA,Sat Dec 30 1899 23:00:00 GMT-0306 (Brasilia Standard Time),Sat Dec 30 1899 23:59:00 GMT-0306 (Brasilia Standard Time),900,
40A_0_U,TERMINAL MADUREIRA,Sat Dec 30 1899 06:00:00 GMT-0306 (Brasilia Standard Time),Sat Dec 30 1899 07:00:00 GMT-0306 (Brasilia Standard Time),480,
40A_0_U,TERMINAL MADUREIRA,Sat Dec 30 1899 07:00:00 GMT-0306 (Brasilia Standard Time),Sat Dec 30 1899 08:00:00 GMT-0306 (Brasilia Standard Time),480,
40A_0_U,TERMINAL MADUREIRA,Sat Dec 30 1899 08:00:00 GMT-0306 (Brasilia Standard Time),Sat Dec 30 1899 09:00:00 GMT-0306 (Brasilia Standard Time),900,
40A_0_U,TERMINAL MADUREIRA,Sat Dec 30 1899 09:00:00 GMT-0306 (Brasilia Standard Time),Sat Dec 30 1899 10:00:00 GMT-0306 (Brasilia Standard Time),900,
40A_0_U,TERMINAL MADUREIRA,Sat Dec 30 1899 10:00:00 GMT-0306 (Brasilia Standard Time),Sat Dec 30 1899 11:00:00 GMT-0306 (Brasilia Standard Time),900,
40A_0_U,TERMINAL MADUREIRA,Sat Dec 30 1899 11:00:00 GMT-0306 (Brasilia Standard Time),Sat Dec 30 1899 12:00:00 GMT-0306 (Brasilia Standard Time),900,
40A_0_U,TERMINAL MADUREIRA,Sat Dec 30 1899 12:00:00 GMT-0306 (Brasilia Standard Time),Sat Dec 30 1899 13:00:00 GMT-0306 (Brasilia Standard Time),900,
40A_0_U,TERMINAL MADUREIRA,Sat Dec 30 1899 13:00:00 GMT-0306 (Brasilia Standard Time),Sat Dec 30 1899 14:00:00 GMT-0306 (Brasilia Standard Time),900,
40A_0_U,TERMINAL MADUREIRA,Sat Dec 30 1899 14:00:00 GMT-0306 (Brasilia Standard Time),Sat Dec 30 1899 15:00:00 GMT-0306 (Brasilia Standard Time),900,
40A_0_U,TERMINAL MADUREIRA,Sat Dec 30 1899 15:00:00 GMT-0306 (Brasilia Standard Time),Sat Dec 30 1899 16:00:00 GMT-0306 (Brasilia Standard Time),900,
40A_0_U,TERMINAL MADUREIRA,Sat Dec 30 1899 16:00:00 GMT-0306 (Brasilia Standard Time),Sat Dec 30 1899 17:00:00 GMT-0306 (Brasilia Standard Time),600,
40A_0_U,TERMINAL MADUREIRA,Sat Dec 30 1899 17:00:00 GMT-0306 (Brasilia Standard Time),Sat Dec 30 1899 18:00:00 GMT-0306 (Brasilia Standard Time),240,
40A_0_U,TERMINAL MADUREIRA,Sat Dec 30 1899 18:00:00 GMT-0306 (Brasilia Standard Time),Sat Dec 30 1899 19:00:00 GMT-0306 (Brasilia Standard Time),360,
40A_0_U,TERMINAL MADUREIRA,Sat Dec 30 1899 19:00:00 GMT-0306 (Brasilia Standard Time),Sat Dec 30 1899 20:00:00 GMT-0306 (Brasilia Standard Time),720,
40A_0_U,TERMINAL MADUREIRA,Sat Dec 30 1899 20:00:00 GMT-0306 (Brasilia Standard Time),Sat Dec 30 1899 21:00:00 GMT-0306 (Brasilia Standard Time),900,
40A_0_U,TERMINAL MADUREIRA,Sat Dec 30 1899 21:00:00 GMT-0306 (Brasilia Standard Time),Sat Dec 30 1899 22:00:00 GMT-0306 (Brasilia Standard Time),900,
40A_0_U,TERMINAL MADUREIRA,Sat Dec 30 1899 22:00:00 GMT-0306 (Brasilia Standard Time),Sat Dec 30 1899 23:00:00 GMT-0306 (Brasilia Standard Time),900,
40A_1_U,TERMINAL ALVORADA,Sat Dec 30 1899 05:00:00 GMT-0306 (Brasilia Standard Time),Sat Dec 30 1899 06:00:00 GMT-0306 (Brasilia Standard Time),480,
40A_1_U,TERMINAL ALVORADA,Sat Dec 30 1899 06:00:00 GMT-0306 (Brasilia Standard Time),Sat Dec 30 1899 07:00:00 GMT-0306 (Brasilia Standard Time),300,
40A_1_U,TERMINAL ALVORADA,Sat Dec 30 1899 07:00:00 GMT-0306 (Brasilia Standard Time),Sat Dec 30 1899 08:00:00 GMT-0306 (Brasilia Standard Time),300,
40A_1_U,TERMINAL ALVORADA,Sat Dec 30 1899 08:00:00 GMT-0306 (Brasilia Standard Time),Sat Dec 30 1899 09:00:00 GMT-0306 (Brasilia Standard Time),480,
40A_1_U,TERMINAL ALVORADA,Sat Dec 30 1899 09:00:00 GMT-0306 (Brasilia Standard Time),Sat Dec 30 1899 10:00:00 GMT-0306 (Brasilia Standard Time),600,
40A_1_U,TERMINAL ALVORADA,Sat Dec 30 1899 10:00:00 GMT-0306 (Brasilia Standard Time),Sat Dec 30 1899 11:00:00 GMT-0306 (Brasilia Standard Time),900,
40A_1_U,TERMINAL ALVORADA,Sat Dec 30 1899 11:00:00 GMT-0306 (Brasilia Standard Time),Sat Dec 30 1899 12:00:00 GMT-0306 (Brasilia Standard Time),900,
40A_1_U,TERMINAL ALVORADA,Sat Dec 30 1899 12:00:00 GMT-0306 (Brasilia Standard Time),Sat Dec 30 1899 13:00:00 GMT-0306 (Brasilia Standard Time),900,
40A_1_U,TERMINAL ALVORADA,Sat Dec 30 1899 13:00:00 GMT-0306 (Brasilia Standard Time),Sat Dec 30 1899 14:00:00 GMT-0306 (Brasilia Standard Time),900,
40A_1_U,TERMINAL ALVORADA,Sat Dec 30 1899 14:00:00 GMT-0306 (Brasilia Standard Time),Sat Dec 30 1899 15:00:00 GMT-0306 (Brasilia Standard Time),900,
40A_1_U,TERMINAL ALVORADA,Sat Dec 30 1899 15:00:00 GMT-0306 (Brasilia Standard Time),Sat Dec 30 1899 16:00:00 GMT-0306 (Brasilia Standard Time),900,
40A_1_U,TERMINAL ALVORADA,Sat Dec 30 1899 16:00:00 GMT-0306 (Brasilia Standard Time),Sat Dec 30 1899 17:00:00 GMT-0306 (Brasilia Standard Time),900,
40A_1_U,TERMINAL ALVORADA,Sat Dec 30 1899 17:00:00 GMT-0306 (Brasilia Standard Time),Sat Dec 30 1899 18:00:00 GMT-0306 (Brasilia Standard Time),600,
40A_1_U,TERMINAL ALVORADA,Sat Dec 30 1899 18:00:00 GMT-0306 (Brasilia Standard Time),Sat Dec 30 1899 19:00:00 GMT-0306 (Brasilia Standard Time),720,
40A_1_U,TERMINAL ALVORADA,Sat Dec 30 1899 19:00:00 GMT-0306 (Brasilia Standard Time),Sat Dec 30 1899 20:00:00 GMT-0306 (Brasilia Standard Time),900,
40A_1_U,TERMINAL ALVORADA,Sat Dec 30 1899 20:00:00 GMT-0306 (Brasilia Standard Time),Sat Dec 30 1899 21:00:00 GMT-0306 (Brasilia Standard Time),900,
40A_1_U,TERMINAL ALVORADA,Sat Dec 30 1899 21:00:00 GMT-0306 (Brasilia Standard Time),Sat Dec 30 1899 22:00:00 GMT-0306 (Brasilia Standard Time),900,
41_0_U,TERMINAL MADUREIRA,Sat Dec 30 1899 06:00:00 GMT-0306 (Brasilia Standard Time),Sat Dec 30 1899 07:00:00 GMT-0306 (Brasilia Standard Time),900,
41_0_U,TERMINAL MADUREIRA,Sat Dec 30 1899 07:00:00 GMT-0306 (Brasilia Standard Time),Sat Dec 30 1899 08:00:00 GMT-0306 (Brasilia Standard Time),720,
41_0_U,TERMINAL MADUREIRA,Sat Dec 30 1899 08:00:00 GMT-0306 (Brasilia Standard Time),Sat Dec 30 1899 09:00:00 GMT-0306 (Brasilia Standard Time),900,
41_0_U,TERMINAL MADUREIRA,Sat Dec 30 1899 09:00:00 GMT-0306 (Brasilia Standard Time),Sat Dec 30 1899 10:00:00 GMT-0306 (Brasilia Standard Time),900,
41_0_U,TERMINAL MADUREIRA,Sat Dec 30 1899 10:00:00 GMT-0306 (Brasilia Standard Time),Sat Dec 30 1899 11:00:00 GMT-0306 (Brasilia Standard Time),900,
41_0_U,TERMINAL MADUREIRA,Sat Dec 30 1899 11:00:00 GMT-0306 (Brasilia Standard Time),Sat Dec 30 1899 12:00:00 GMT-0306 (Brasilia Standard Time),900,
41_0_U,TERMINAL MADUREIRA,Sat Dec 30 1899 12:00:00 GMT-0306 (Brasilia Standard Time),Sat Dec 30 1899 13:00:00 GMT-0306 (Brasilia Standard Time),900,
41_0_U,TERMINAL MADUREIRA,Sat Dec 30 1899 13:00:00 GMT-0306 (Brasilia Standard Time),Sat Dec 30 1899 14:00:00 GMT-0306 (Brasilia Standard Time),900,
41_0_U,TERMINAL MADUREIRA,Sat Dec 30 1899 14:00:00 GMT-0306 (Brasilia Standard Time),Sat Dec 30 1899 15:00:00 GMT-0306 (Brasilia Standard Time),900,
41_0_U,TERMINAL MADUREIRA,Sat Dec 30 1899 15:00:00 GMT-0306 (Brasilia Standard Time),Sat Dec 30 1899 16:00:00 GMT-0306 (Brasilia Standard Time),900,
41_0_U,TERMINAL MADUREIRA,Sat Dec 30 1899 16:00:00 GMT-0306 (Brasilia Standard Time),Sat Dec 30 1899 17:00:00 GMT-0306 (Brasilia Standard Time),900,
41_0_U,TERMINAL MADUREIRA,Sat Dec 30 1899 17:00:00 GMT-0306 (Brasilia Standard Time),Sat Dec 30 1899 18:00:00 GMT-0306 (Brasilia Standard Time),420,
41_0_U,TERMINAL MADUREIRA,Sat Dec 30 1899 18:00:00 GMT-0306 (Brasilia Standard Time),Sat Dec 30 1899 19:00:00 GMT-0306 (Brasilia Standard Time),900,
41_0_U,TERMINAL MADUREIRA,Sat Dec 30 1899 19:00:00 GMT-0306 (Brasilia Standard Time),Sat Dec 30 1899 20:00:00 GMT-0306 (Brasilia Standard Time),900,
41_1_U,TERMINAL RECREIO,Sat Dec 30 1899 05:00:00 GMT-0306 (Brasilia Standard Time),Sat Dec 30 1899 06:00:00 GMT-0306 (Brasilia Standard Time),900,
41_1_U,TERMINAL RECREIO,Sat Dec 30 1899 06:00:00 GMT-0306 (Brasilia Standard Time),Sat Dec 30 1899 07:00:00 GMT-0306 (Brasilia Standard Time),720,
41_1_U,TERMINAL RECREIO,Sat Dec 30 1899 07:00:00 GMT-0306 (Brasilia Standard Time),Sat Dec 30 1899 08:00:00 GMT-0306 (Brasilia Standard Time),720,
41_1_U,TERMINAL RECREIO,Sat Dec 30 1899 08:00:00 GMT-0306 (Brasilia Standard Time),Sat Dec 30 1899 09:00:00 GMT-0306 (Brasilia Standard Time),720,
41_1_U,TERMINAL RECREIO,Sat Dec 30 1899 09:00:00 GMT-0306 (Brasilia Standard Time),Sat Dec 30 1899 10:00:00 GMT-0306 (Brasilia Standard Time),900,
41_1_U,TERMINAL RECREIO,Sat Dec 30 1899 10:00:00 GMT-0306 (Brasilia Standard Time),Sat Dec 30 1899 11:00:00 GMT-0306 (Brasilia Standard Time),900,
41_1_U,TERMINAL RECREIO,Sat Dec 30 1899 11:00:00 GMT-0306 (Brasilia Standard Time),Sat Dec 30 1899 12:00:00 GMT-0306 (Brasilia Standard Time),900,
41_1_U,TERMINAL RECREIO,Sat Dec 30 1899 12:00:00 GMT-0306 (Brasilia Standard Time),Sat Dec 30 1899 13:00:00 GMT-0306 (Brasilia Standard Time),900,
41_1_U,TERMINAL RECREIO,Sat Dec 30 1899 13:00:00 GMT-0306 (Brasilia Standard Time),Sat Dec 30 1899 14:00:00 GMT-0306 (Brasilia Standard Time),900,
41_1_U,TERMINAL RECREIO,Sat Dec 30 1899 14:00:00 GMT-0306 (Brasilia Standard Time),Sat Dec 30 1899 15:00:00 GMT-0306 (Brasilia Standard Time),900,
41_1_U,TERMINAL RECREIO,Sat Dec 30 1899 15:00:00 GMT-0306 (Brasilia Standard Time),Sat Dec 30 1899 16:00:00 GMT-0306 (Brasilia Standard Time),900,
41_1_U,TERMINAL RECREIO,Sat Dec 30 1899 16:00:00 GMT-0306 (Brasilia Standard Time),Sat Dec 30 1899 17:00:00 GMT-0306 (Brasilia Standard Time),900,
41_1_U,TERMINAL RECREIO,Sat Dec 30 1899 17:00:00 GMT-0306 (Brasilia Standard Time),Sat Dec 30 1899 18:00:00 GMT-0306 (Brasilia Standard Time),900,
41_1_U,TERMINAL RECREIO,Sat Dec 30 1899 18:00:00 GMT-0306 (Brasilia Standard Time),Sat Dec 30 1899 19:00:00 GMT-0306 (Brasilia Standard Time),900,
42A_0_U,GALEÃO,Sat Dec 30 1899 04:00:00 GMT-0306 (Brasilia Standard Time),Sat Dec 30 1899 05:00:00 GMT-0306 (Brasilia Standard Time),900,
42A_0_U,GALEÃO,Sat Dec 30 1899 05:00:00 GMT-0306 (Brasilia Standard Time),Sat Dec 30 1899 06:00:00 GMT-0306 (Brasilia Standard Time),720,
42A_0_U,GALEÃO,Sat Dec 30 1899 06:00:00 GMT-0306 (Brasilia Standard Time),Sat Dec 30 1899 07:00:00 GMT-0306 (Brasilia Standard Time),720,
42A_0_U,GALEÃO,Sat Dec 30 1899 07:00:00 GMT-0306 (Brasilia Standard Time),Sat Dec 30 1899 08:00:00 GMT-0306 (Brasilia Standard Time),720,
42A_0_U,GALEÃO,Sat Dec 30 1899 08:00:00 GMT-0306 (Brasilia Standard Time),Sat Dec 30 1899 09:00:00 GMT-0306 (Brasilia Standard Time),720,
42A_0_U,GALEÃO,Sat Dec 30 1899 09:00:00 GMT-0306 (Brasilia Standard Time),Sat Dec 30 1899 10:00:00 GMT-0306 (Brasilia Standard Time),900,
42A_0_U,GALEÃO,Sat Dec 30 1899 10:00:00 GMT-0306 (Brasilia Standard Time),Sat Dec 30 1899 11:00:00 GMT-0306 (Brasilia Standard Time),900,
42A_0_U,GALEÃO,Sat Dec 30 1899 11:00:00 GMT-0306 (Brasilia Standard Time),Sat Dec 30 1899 12:00:00 GMT-0306 (Brasilia Standard Time),900,
42A_0_U,GALEÃO,Sat Dec 30 1899 12:00:00 GMT-0306 (Brasilia Standard Time),Sat Dec 30 1899 13:00:00 GMT-0306 (Brasilia Standard Time),900,
42A_0_U,GALEÃO,Sat Dec 30 1899 13:00:00 GMT-0306 (Brasilia Standard Time),Sat Dec 30 1899 14:00:00 GMT-0306 (Brasilia Standard Time),900,
42A_0_U,GALEÃO,Sat Dec 30 1899 14:00:00 GMT-0306 (Brasilia Standard Time),Sat Dec 30 1899 15:00:00 GMT-0306 (Brasilia Standard Time),900,
42A_0_U,GALEÃO,Sat Dec 30 1899 15:00:00 GMT-0306 (Brasilia Standard Time),Sat Dec 30 1899 16:00:00 GMT-0306 (Brasilia Standard Time),900,
42A_0_U,GALEÃO,Sat Dec 30 1899 16:00:00 GMT-0306 (Brasilia Standard Time),Sat Dec 30 1899 17:00:00 GMT-0306 (Brasilia Standard Time),900,
42A_0_U,GALEÃO,Sat Dec 30 1899 17:00:00 GMT-0306 (Brasilia Standard Time),Sat Dec 30 1899 18:00:00 GMT-0306 (Brasilia Standard Time),720,
42A_0_U,GALEÃO,Sat Dec 30 1899 18:00:00 GMT-0306 (Brasilia Standard Time),Sat Dec 30 1899 19:00:00 GMT-0306 (Brasilia Standard Time),900,
42A_0_U,GALEÃO,Sat Dec 30 1899 19:00:00 GMT-0306 (Brasilia Standard Time),Sat Dec 30 1899 20:00:00 GMT-0306 (Brasilia Standard Time),900,
42A_0_U,GALEÃO,Sat Dec 30 1899 20:00:00 GMT-0306 (Brasilia Standard Time),Sat Dec 30 1899 21:00:00 GMT-0306 (Brasilia Standard Time),900,
42A_0_U,GALEÃO,Sat Dec 30 1899 21:00:00 GMT-0306 (Brasilia Standard Time),Sat Dec 30 1899 22:00:00 GMT-0306 (Brasilia Standard Time),900,
42A_1_U,MADUREIRA MANACEIA,Sat Dec 30 1899 04:00:00 GMT-0306 (Brasilia Standard Time),Sat Dec 30 1899 05:00:00 GMT-0306 (Brasilia Standard Time),900,
42A_1_U,MADUREIRA MANACEIA,Sat Dec 30 1899 05:00:00 GMT-0306 (Brasilia Standard Time),Sat Dec 30 1899 06:00:00 GMT-0306 (Brasilia Standard Time),900,
42A_1_U,MADUREIRA MANACEIA,Sat Dec 30 1899 06:00:00 GMT-0306 (Brasilia Standard Time),Sat Dec 30 1899 07:00:00 GMT-0306 (Brasilia Standard Time),900,
42A_1_U,MADUREIRA MANACEIA,Sat Dec 30 1899 07:00:00 GMT-0306 (Brasilia Standard Time),Sat Dec 30 1899 08:00:00 GMT-0306 (Brasilia Standard Time),900,
42A_1_U,MADUREIRA MANACEIA,Sat Dec 30 1899 08:00:00 GMT-0306 (Brasilia Standard Time),Sat Dec 30 1899 09:00:00 GMT-0306 (Brasilia Standard Time),900,
42A_1_U,MADUREIRA MANACEIA,Sat Dec 30 1899 09:00:00 GMT-0306 (Brasilia Standard Time),Sat Dec 30 1899 10:00:00 GMT-0306 (Brasilia Standard Time),900,
42A_1_U,MADUREIRA MANACEIA,Sat Dec 30 1899 10:00:00 GMT-0306 (Brasilia Standard Time),Sat Dec 30 1899 11:00:00 GMT-0306 (Brasilia Standard Time),900,
42A_1_U,MADUREIRA MANACEIA,Sat Dec 30 1899 11:00:00 GMT-0306 (Brasilia Standard Time),Sat Dec 30 1899 12:00:00 GMT-0306 (Brasilia Standard Time),900,
42A_1_U,MADUREIRA MANACEIA,Sat Dec 30 1899 12:00:00 GMT-0306 (Brasilia Standard Time),Sat Dec 30 1899 13:00:00 GMT-0306 (Brasilia Standard Time),900,
42A_1_U,MADUREIRA MANACEIA,Sat Dec 30 1899 13:00:00 GMT-0306 (Brasilia Standard Time),Sat Dec 30 1899 14:00:00 GMT-0306 (Brasilia Standard Time),900,
42A_1_U,MADUREIRA MANACEIA,Sat Dec 30 1899 14:00:00 GMT-0306 (Brasilia Standard Time),Sat Dec 30 1899 15:00:00 GMT-0306 (Brasilia Standard Time),900,
42A_1_U,MADUREIRA MANACEIA,Sat Dec 30 1899 15:00:00 GMT-0306 (Brasilia Standard Time),Sat Dec 30 1899 16:00:00 GMT-0306 (Brasilia Standard Time),900,
42A_1_U,MADUREIRA MANACEIA,Sat Dec 30 1899 16:00:00 GMT-0306 (Brasilia Standard Time),Sat Dec 30 1899 17:00:00 GMT-0306 (Brasilia Standard Time),900,
42A_1_U,MADUREIRA MANACEIA,Sat Dec 30 1899 17:00:00 GMT-0306 (Brasilia Standard Time),Sat Dec 30 1899 18:00:00 GMT-0306 (Brasilia Standard Time),720,
42A_1_U,MADUREIRA MANACEIA,Sat Dec 30 1899 18:00:00 GMT-0306 (Brasilia Standard Time),Sat Dec 30 1899 19:00:00 GMT-0306 (Brasilia Standard Time),900,
42A_1_U,MADUREIRA MANACEIA,Sat Dec 30 1899 19:00:00 GMT-0306 (Brasilia Standard Time),Sat Dec 30 1899 20:00:00 GMT-0306 (Brasilia Standard Time),900,
42A_1_U,MADUREIRA MANACEIA,Sat Dec 30 1899 20:00:00 GMT-0306 (Brasilia Standard Time),Sat Dec 30 1899 21:00:00 GMT-0306 (Brasilia Standard Time),900,
42A_1_U,MADUREIRA MANACEIA,Sat Dec 30 1899 21:00:00 GMT-0306 (Brasilia Standard Time),Sat Dec 30 1899 22:00:00 GMT-0306 (Brasilia Standard Time),900,
46_0_U,PENHA,Sat Dec 30 1899 04:00:00 GMT-0306 (Brasilia Standard Time),Sat Dec 30 1899 05:00:00 GMT-0306 (Brasilia Standard Time),900,
46_0_U,PENHA,Sat Dec 30 1899 05:00:00 GMT-0306 (Brasilia Standard Time),Sat Dec 30 1899 06:00:00 GMT-0306 (Brasilia Standard Time),900,
46_0_U,PENHA,Sat Dec 30 1899 06:00:00 GMT-0306 (Brasilia Standard Time),Sat Dec 30 1899 07:00:00 GMT-0306 (Brasilia Standard Time),720,
46_0_U,PENHA,Sat Dec 30 1899 07:00:00 GMT-0306 (Brasilia Standard Time),Sat Dec 30 1899 08:00:00 GMT-0306 (Brasilia Standard Time),600,
46_0_U,PENHA,Sat Dec 30 1899 08:00:00 GMT-0306 (Brasilia Standard Time),Sat Dec 30 1899 09:00:00 GMT-0306 (Brasilia Standard Time),900,
46_0_U,PENHA,Sat Dec 30 1899 09:00:00 GMT-0306 (Brasilia Standard Time),Sat Dec 30 1899 10:00:00 GMT-0306 (Brasilia Standard Time),900,
46_0_U,PENHA,Sat Dec 30 1899 10:00:00 GMT-0306 (Brasilia Standard Time),Sat Dec 30 1899 11:00:00 GMT-0306 (Brasilia Standard Time),900,
46_0_U,PENHA,Sat Dec 30 1899 11:00:00 GMT-0306 (Brasilia Standard Time),Sat Dec 30 1899 12:00:00 GMT-0306 (Brasilia Standard Time),900,
46_0_U,PENHA,Sat Dec 30 1899 12:00:00 GMT-0306 (Brasilia Standard Time),Sat Dec 30 1899 13:00:00 GMT-0306 (Brasilia Standard Time),900,
46_0_U,PENHA,Sat Dec 30 1899 13:00:00 GMT-0306 (Brasilia Standard Time),Sat Dec 30 1899 14:00:00 GMT-0306 (Brasilia Standard Time),900,
46_0_U,PENHA,Sat Dec 30 1899 14:00:00 GMT-0306 (Brasilia Standard Time),Sat Dec 30 1899 15:00:00 GMT-0306 (Brasilia Standard Time),900,
46_0_U,PENHA,Sat Dec 30 1899 15:00:00 GMT-0306 (Brasilia Standard Time),Sat Dec 30 1899 16:00:00 GMT-0306 (Brasilia Standard Time),900,
46_0_U,PENHA,Sat Dec 30 1899 16:00:00 GMT-0306 (Brasilia Standard Time),Sat Dec 30 1899 17:00:00 GMT-0306 (Brasilia Standard Time),900,
46_0_U,PENHA,Sat Dec 30 1899 17:00:00 GMT-0306 (Brasilia Standard Time),Sat Dec 30 1899 18:00:00 GMT-0306 (Brasilia Standard Time),900,
46_0_U,PENHA,Sat Dec 30 1899 18:00:00 GMT-0306 (Brasilia Standard Time),Sat Dec 30 1899 19:00:00 GMT-0306 (Brasilia Standard Time),900,
46_0_U,PENHA,Sat Dec 30 1899 19:00:00 GMT-0306 (Brasilia Standard Time),Sat Dec 30 1899 20:00:00 GMT-0306 (Brasilia Standard Time),900,
46_0_U,PENHA,Sat Dec 30 1899 20:00:00 GMT-0306 (Brasilia Standard Time),Sat Dec 30 1899 21:00:00 GMT-0306 (Brasilia Standard Time),900,
46_0_U,PENHA,Sat Dec 30 1899 21:00:00 GMT-0306 (Brasilia Standard Time),Sat Dec 30 1899 22:00:00 GMT-0306 (Brasilia Standard Time),900,
46_0_U,PENHA,Sat Dec 30 1899 22:00:00 GMT-0306 (Brasilia Standard Time),Sat Dec 30 1899 23:00:00 GMT-0306 (Brasilia Standard Time),900,
46_1_U,TERMINAL ALVORADA,Sat Dec 30 1899 04:00:00 GMT-0306 (Brasilia Standard Time),Sat Dec 30 1899 05:00:00 GMT-0306 (Brasilia Standard Time),900,
46_1_U,TERMINAL ALVORADA,Sat Dec 30 1899 05:00:00 GMT-0306 (Brasilia Standard Time),Sat Dec 30 1899 06:00:00 GMT-0306 (Brasilia Standard Time),720,
46_1_U,TERMINAL ALVORADA,Sat Dec 30 1899 06:00:00 GMT-0306 (Brasilia Standard Time),Sat Dec 30 1899 07:00:00 GMT-0306 (Brasilia Standard Time),600,
46_1_U,TERMINAL ALVORADA,Sat Dec 30 1899 07:00:00 GMT-0306 (Brasilia Standard Time),Sat Dec 30 1899 08:00:00 GMT-0306 (Brasilia Standard Time),600,
46_1_U,TERMINAL ALVORADA,Sat Dec 30 1899 08:00:00 GMT-0306 (Brasilia Standard Time),Sat Dec 30 1899 09:00:00 GMT-0306 (Brasilia Standard Time),600,
46_1_U,TERMINAL ALVORADA,Sat Dec 30 1899 09:00:00 GMT-0306 (Brasilia Standard Time),Sat Dec 30 1899 10:00:00 GMT-0306 (Brasilia Standard Time),900,
46_1_U,TERMINAL ALVORADA,Sat Dec 30 1899 10:00:00 GMT-0306 (Brasilia Standard Time),Sat Dec 30 1899 11:00:00 GMT-0306 (Brasilia Standard Time),900,
46_1_U,TERMINAL ALVORADA,Sat Dec 30 1899 11:00:00 GMT-0306 (Brasilia Standard Time),Sat Dec 30 1899 12:00:00 GMT-0306 (Brasilia Standard Time),900,
46_1_U,TERMINAL ALVORADA,Sat Dec 30 1899 12:00:00 GMT-0306 (Brasilia Standard Time),Sat Dec 30 1899 13:00:00 GMT-0306 (Brasilia Standard Time),900,
46_1_U,TERMINAL ALVORADA,Sat Dec 30 1899 13:00:00 GMT-0306 (Brasilia Standard Time),Sat Dec 30 1899 14:00:00 GMT-0306 (Brasilia Standard Time),900,
46_1_U,TERMINAL ALVORADA,Sat Dec 30 1899 14:00:00 GMT-0306 (Brasilia Standard Time),Sat Dec 30 1899 15:00:00 GMT-0306 (Brasilia Standard Time),900,
46_1_U,TERMINAL ALVORADA,Sat Dec 30 1899 15:00:00 GMT-0306 (Brasilia Standard Time),Sat Dec 30 1899 16:00:00 GMT-0306 (Brasilia Standard Time),900,
46_1_U,TERMINAL ALVORADA,Sat Dec 30 1899 16:00:00 GMT-0306 (Brasilia Standard Time),Sat Dec 30 1899 17:00:00 GMT-0306 (Brasilia Standard Time),900,
46_1_U,TERMINAL ALVORADA,Sat Dec 30 1899 17:00:00 GMT-0306 (Brasilia Standard Time),Sat Dec 30 1899 18:00:00 GMT-0306 (Brasilia Standard Time),720,
46_1_U,TERMINAL ALVORADA,Sat Dec 30 1899 18:00:00 GMT-0306 (Brasilia Standard Time),Sat Dec 30 1899 19:00:00 GMT-0306 (Brasilia Standard Time),900,
46_1_U,TERMINAL ALVORADA,Sat Dec 30 1899 19:00:00 GMT-0306 (Brasilia Standard Time),Sat Dec 30 1899 20:00:00 GMT-0306 (Brasilia Standard Time),900,
46_1_U,TERMINAL ALVORADA,Sat Dec 30 1899 20:00:00 GMT-0306 (Brasilia Standard Time),Sat Dec 30 1899 21:00:00 GMT-0306 (Brasilia Standard Time),900,
46_1_U,TERMINAL ALVORADA,Sat Dec 30 1899 21:00:00 GMT-0306 (Brasilia Standard Time),Sat Dec 30 1899 22:00:00 GMT-0306 (Brasilia Standard Time),900,
46_1_U,TERMINAL ALVORADA,Sat Dec 30 1899 22:00:00 GMT-0306 (Brasilia Standard Time),Sat Dec 30 1899 23:00:00 GMT-0306 (Brasilia Standard Time),900,
50_0_U,TERMINAL CENTRO OLÍMPICO,Sat Dec 30 1899 04:00:00 GMT-0306 (Brasilia Standard Time),Sat Dec 30 1899 05:00:00 GMT-0306 (Brasilia Standard Time),900,
50_0_U,TERMINAL CENTRO OLÍMPICO,Sat Dec 30 1899 05:00:00 GMT-0306 (Brasilia Standard Time),Sat Dec 30 1899 06:00:00 GMT-0306 (Brasilia Standard Time),900,
50_0_U,TERMINAL CENTRO OLÍMPICO,Sat Dec 30 1899 06:00:00 GMT-0306 (Brasilia Standard Time),Sat Dec 30 1899 07:00:00 GMT-0306 (Brasilia Standard Time),900,
50_0_U,TERMINAL CENTRO OLÍMPICO,Sat Dec 30 1899 07:00:00 GMT-0306 (Brasilia Standard Time),Sat Dec 30 1899 08:00:00 GMT-0306 (Brasilia Standard Time),900,
50_0_U,TERMINAL CENTRO OLÍMPICO,Sat Dec 30 1899 08:00:00 GMT-0306 (Brasilia Standard Time),Sat Dec 30 1899 09:00:00 GMT-0306 (Brasilia Standard Time),900,
50_0_U,TERMINAL CENTRO OLÍMPICO,Sat Dec 30 1899 09:00:00 GMT-0306 (Brasilia Standard Time),Sat Dec 30 1899 10:00:00 GMT-0306 (Brasilia Standard Time),900,
50_0_U,TERMINAL CENTRO OLÍMPICO,Sat Dec 30 1899 10:00:00 GMT-0306 (Brasilia Standard Time),Sat Dec 30 1899 11:00:00 GMT-0306 (Brasilia Standard Time),900,
50_0_U,TERMINAL CENTRO OLÍMPICO,Sat Dec 30 1899 11:00:00 GMT-0306 (Brasilia Standard Time),Sat Dec 30 1899 12:00:00 GMT-0306 (Brasilia Standard Time),900,
50_0_U,TERMINAL CENTRO OLÍMPICO,Sat Dec 30 1899 12:00:00 GMT-0306 (Brasilia Standard Time),Sat Dec 30 1899 13:00:00 GMT-0306 (Brasilia Standard Time),900,
50_0_U,TERMINAL CENTRO OLÍMPICO,Sat Dec 30 1899 13:00:00 GMT-0306 (Brasilia Standard Time),Sat Dec 30 1899 14:00:00 GMT-0306 (Brasilia Standard Time),900,
50_0_U,TERMINAL CENTRO OLÍMPICO,Sat Dec 30 1899 14:00:00 GMT-0306 (Brasilia Standard Time),Sat Dec 30 1899 15:00:00 GMT-0306 (Brasilia Standard Time),900,
50_0_U,TERMINAL CENTRO OLÍMPICO,Sat Dec 30 1899 15:00:00 GMT-0306 (Brasilia Standard Time),Sat Dec 30 1899 16:00:00 GMT-0306 (Brasilia Standard Time),900,
50_0_U,TERMINAL CENTRO OLÍMPICO,Sat Dec 30 1899 16:00:00 GMT-0306 (Brasilia Standard Time),Sat Dec 30 1899 17:00:00 GMT-0306 (Brasilia Standard Time),900,
50_0_U,TERMINAL CENTRO OLÍMPICO,Sat Dec 30 1899 17:00:00 GMT-0306 (Brasilia Standard Time),Sat Dec 30 1899 18:00:00 GMT-0306 (Brasilia Standard Time),900,
50_0_U,TERMINAL CENTRO OLÍMPICO,Sat Dec 30 1899 18:00:00 GMT-0306 (Brasilia Standard Time),Sat Dec 30 1899 19:00:00 GMT-0306 (Brasilia Standard Time),900,
50_0_U,TERMINAL CENTRO OLÍMPICO,Sat Dec 30 1899 19:00:00 GMT-0306 (Brasilia Standard Time),Sat Dec 30 1899 20:00:00 GMT-0306 (Brasilia Standard Time),900,
50_0_U,TERMINAL CENTRO OLÍMPICO,Sat Dec 30 1899 20:00:00 GMT-0306 (Brasilia Standard Time),Sat Dec 30 1899 21:00:00 GMT-0306 (Brasilia Standard Time),900,
50_0_U,TERMINAL CENTRO OLÍMPICO,Sat Dec 30 1899 21:00:00 GMT-0306 (Brasilia Standard Time),Sat Dec 30 1899 22:00:00 GMT-0306 (Brasilia Standard Time),900,
50_0_U,TERMINAL CENTRO OLÍMPICO,Sat Dec 30 1899 22:00:00 GMT-0306 (Brasilia Standard Time),Sat Dec 30 1899 23:00:00 GMT-0306 (Brasilia Standard Time),900,
50_0_U,TERMINAL CENTRO OLÍMPICO,Sat Dec 30 1899 23:00:00 GMT-0306 (Brasilia Standard Time),Sat Dec 30 1899 23:59:00 GMT-0306 (Brasilia Standard Time),900,
50_1_U,JARDIM OCEÂNICO,Sat Dec 30 1899 04:00:00 GMT-0306 (Brasilia Standard Time),Sat Dec 30 1899 05:00:00 GMT-0306 (Brasilia Standard Time),900,
50_1_U,JARDIM OCEÂNICO,Sat Dec 30 1899 05:00:00 GMT-0306 (Brasilia Standard Time),Sat Dec 30 1899 06:00:00 GMT-0306 (Brasilia Standard Time),900,
50_1_U,JARDIM OCEÂNICO,Sat Dec 30 1899 06:00:00 GMT-0306 (Brasilia Standard Time),Sat Dec 30 1899 07:00:00 GMT-0306 (Brasilia Standard Time),900,
50_1_U,JARDIM OCEÂNICO,Sat Dec 30 1899 07:00:00 GMT-0306 (Brasilia Standard Time),Sat Dec 30 1899 08:00:00 GMT-0306 (Brasilia Standard Time),900,
50_1_U,JARDIM OCEÂNICO,Sat Dec 30 1899 08:00:00 GMT-0306 (Brasilia Standard Time),Sat Dec 30 1899 09:00:00 GMT-0306 (Brasilia Standard Time),900,
50_1_U,JARDIM OCEÂNICO,Sat Dec 30 1899 09:00:00 GMT-0306 (Brasilia Standard Time),Sat Dec 30 1899 10:00:00 GMT-0306 (Brasilia Standard Time),900,
50_1_U,JARDIM OCEÂNICO,Sat Dec 30 1899 10:00:00 GMT-0306 (Brasilia Standard Time),Sat Dec 30 1899 11:00:00 GMT-0306 (Brasilia Standard Time),900,
50_1_U,JARDIM OCEÂNICO,Sat Dec 30 1899 11:00:00 GMT-0306 (Brasilia Standard Time),Sat Dec 30 1899 12:00:00 GMT-0306 (Brasilia Standard Time),900,
50_1_U,JARDIM OCEÂNICO,Sat Dec 30 1899 12:00:00 GMT-0306 (Brasilia Standard Time),Sat Dec 30 1899 13:00:00 GMT-0306 (Brasilia Standard Time),900,
50_1_U,JARDIM OCEÂNICO,Sat Dec 30 1899 13:00:00 GMT-0306 (Brasilia Standard Time),Sat Dec 30 1899 14:00:00 GMT-0306 (Brasilia Standard Time),900,
50_1_U,JARDIM OCEÂNICO,Sat Dec 30 1899 14:00:00 GMT-0306 (Brasilia Standard Time),Sat Dec 30 1899 15:00:00 GMT-0306 (Brasilia Standard Time),900,
50_1_U,JARDIM OCEÂNICO,Sat Dec 30 1899 15:00:00 GMT-0306 (Brasilia Standard Time),Sat Dec 30 1899 16:00:00 GMT-0306 (Brasilia Standard Time),900,
50_1_U,JARDIM OCEÂNICO,Sat Dec 30 1899 16:00:00 GMT-0306 (Brasilia Standard Time),Sat Dec 30 1899 17:00:00 GMT-0306 (Brasilia Standard Time),720,
50_1_U,JARDIM OCEÂNICO,Sat Dec 30 1899 17:00:00 GMT-0306 (Brasilia Standard Time),Sat Dec 30 1899 18:00:00 GMT-0306 (Brasilia Standard Time),720,
50_1_U,JARDIM OCEÂNICO,Sat Dec 30 1899 18:00:00 GMT-0306 (Brasilia Standard Time),Sat Dec 30 1899 19:00:00 GMT-0306 (Brasilia Standard Time),720,
50_1_U,JARDIM OCEÂNICO,Sat Dec 30 1899 19:00:00 GMT-0306 (Brasilia Standard Time),Sat Dec 30 1899 20:00:00 GMT-0306 (Brasilia Standard Time),720,
50_1_U,JARDIM OCEÂNICO,Sat Dec 30 1899 20:00:00 GMT-0306 (Brasilia Standard Time),Sat Dec 30 1899 21:00:00 GMT-0306 (Brasilia Standard Time),900,
50_1_U,JARDIM OCEÂNICO,Sat Dec 30 1899 21:00:00 GMT-0306 (Brasilia Standard Time),Sat Dec 30 1899 22:00:00 GMT-0306 (Brasilia Standard Time),900,
50_1_U,JARDIM OCEÂNICO,Sat Dec 30 1899 22:00:00 GMT-0306 (Brasilia Standard Time),Sat Dec 30 1899 23:00:00 GMT-0306 (Brasilia Standard Time),900,
50_1_U,JARDIM OCEÂNICO,Sat Dec 30 1899 23:00:00 GMT-0306 (Brasilia Standard Time),Sat Dec 30 1899 23:59:00 GMT-0306 (Brasilia Standard Time),900,
51_0_U,VILA MILITAR,Sat Dec 30 1899 04:00:00 GMT-0306 (Brasilia Standard Time),Sat Dec 30 1899 05:00:00 GMT-0306 (Brasilia Standard Time),900,
51_0_U,VILA MILITAR,Sat Dec 30 1899 05:00:00 GMT-0306 (Brasilia Standard Time),Sat Dec 30 1899 06:00:00 GMT-0306 (Brasilia Standard Time),900,
51_0_U,VILA MILITAR,Sat Dec 30 1899 06:00:00 GMT-0306 (Brasilia Standard Time),Sat Dec 30 1899 07:00:00 GMT-0306 (Brasilia Standard Time),600,
51_0_U,VILA MILITAR,Sat Dec 30 1899 07:00:00 GMT-0306 (Brasilia Standard Time),Sat Dec 30 1899 08:00:00 GMT-0306 (Brasilia Standard Time),720,
51_0_U,VILA MILITAR,Sat Dec 30 1899 08:00:00 GMT-0306 (Brasilia Standard Time),Sat Dec 30 1899 09:00:00 GMT-0306 (Brasilia Standard Time),900,
51_0_U,VILA MILITAR,Sat Dec 30 1899 09:00:00 GMT-0306 (Brasilia Standard Time),Sat Dec 30 1899 10:00:00 GMT-0306 (Brasilia Standard Time),900,
51_0_U,VILA MILITAR,Sat Dec 30 1899 10:00:00 GMT-0306 (Brasilia Standard Time),Sat Dec 30 1899 11:00:00 GMT-0306 (Brasilia Standard Time),900,
51_0_U,VILA MILITAR,Sat Dec 30 1899 11:00:00 GMT-0306 (Brasilia Standard Time),Sat Dec 30 1899 12:00:00 GMT-0306 (Brasilia Standard Time),900,
51_0_U,VILA MILITAR,Sat Dec 30 1899 12:00:00 GMT-0306 (Brasilia Standard Time),Sat Dec 30 1899 13:00:00 GMT-0306 (Brasilia Standard Time),900,
51_0_U,VILA MILITAR,Sat Dec 30 1899 13:00:00 GMT-0306 (Brasilia Standard Time),Sat Dec 30 1899 14:00:00 GMT-0306 (Brasilia Standard Time),900,
51_0_U,VILA MILITAR,Sat Dec 30 1899 14:00:00 GMT-0306 (Brasilia Standard Time),Sat Dec 30 1899 15:00:00 GMT-0306 (Brasilia Standard Time),900,
51_0_U,VILA MILITAR,Sat Dec 30 1899 15:00:00 GMT-0306 (Brasilia Standard Time),Sat Dec 30 1899 16:00:00 GMT-0306 (Brasilia Standard Time),900,
51_0_U,VILA MILITAR,Sat Dec 30 1899 16:00:00 GMT-0306 (Brasilia Standard Time),Sat Dec 30 1899 17:00:00 GMT-0306 (Brasilia Standard Time),720,
51_0_U,VILA MILITAR,Sat Dec 30 1899 17:00:00 GMT-0306 (Brasilia Standard Time),Sat Dec 30 1899 18:00:00 GMT-0306 (Brasilia Standard Time),600,
51_0_U,VILA MILITAR,Sat Dec 30 1899 18:00:00 GMT-0306 (Brasilia Standard Time),Sat Dec 30 1899 19:00:00 GMT-0306 (Brasilia Standard Time),600,
51_0_U,VILA MILITAR,Sat Dec 30 1899 19:00:00 GMT-0306 (Brasilia Standard Time),Sat Dec 30 1899 20:00:00 GMT-0306 (Brasilia Standard Time),900,
51_0_U,VILA MILITAR,Sat Dec 30 1899 20:00:00 GMT-0306 (Brasilia Standard Time),Sat Dec 30 1899 21:00:00 GMT-0306 (Brasilia Standard Time),900,
51_0_U,VILA MILITAR,Sat Dec 30 1899 21:00:00 GMT-0306 (Brasilia Standard Time),Sat Dec 30 1899 22:00:00 GMT-0306 (Brasilia Standard Time),900,
51_0_U,VILA MILITAR,Sat Dec 30 1899 22:00:00 GMT-0306 (Brasilia Standard Time),Sat Dec 30 1899 23:00:00 GMT-0306 (Brasilia Standard Time),900,
51_0_U,VILA MILITAR,Sat Dec 30 1899 23:00:00 GMT-0306 (Brasilia Standard Time),Sat Dec 30 1899 23:59:00 GMT-0306 (Brasilia Standard Time),900,
51_1_U,TERMINAL RECREIO,Sat Dec 30 1899 04:00:00 GMT-0306 (Brasilia Standard Time),Sat Dec 30 1899 05:00:00 GMT-0306 (Brasilia Standard Time),900,
51_1_U,TERMINAL RECREIO,Sat Dec 30 1899 05:00:00 GMT-0306 (Brasilia Standard Time),Sat Dec 30 1899 06:00:00 GMT-0306 (Brasilia Standard Time),720,
51_1_U,TERMINAL RECREIO,Sat Dec 30 1899 06:00:00 GMT-0306 (Brasilia Standard Time),Sat Dec 30 1899 07:00:00 GMT-0306 (Brasilia Standard Time),480,
51_1_U,TERMINAL RECREIO,Sat Dec 30 1899 07:00:00 GMT-0306 (Brasilia Standard Time),Sat Dec 30 1899 08:00:00 GMT-0306 (Brasilia Standard Time),480,
51_1_U,TERMINAL RECREIO,Sat Dec 30 1899 08:00:00 GMT-0306 (Brasilia Standard Time),Sat Dec 30 1899 09:00:00 GMT-0306 (Brasilia Standard Time),720,
51_1_U,TERMINAL RECREIO,Sat Dec 30 1899 09:00:00 GMT-0306 (Brasilia Standard Time),Sat Dec 30 1899 10:00:00 GMT-0306 (Brasilia Standard Time),900,
51_1_U,TERMINAL RECREIO,Sat Dec 30 1899 10:00:00 GMT-0306 (Brasilia Standard Time),Sat Dec 30 1899 11:00:00 GMT-0306 (Brasilia Standard Time),900,
51_1_U,TERMINAL RECREIO,Sat Dec 30 1899 11:00:00 GMT-0306 (Brasilia Standard Time),Sat Dec 30 1899 12:00:00 GMT-0306 (Brasilia Standard Time),900,
51_1_U,TERMINAL RECREIO,Sat Dec 30 1899 12:00:00 GMT-0306 (Brasilia Standard Time),Sat Dec 30 1899 13:00:00 GMT-0306 (Brasilia Standard Time),900,
51_1_U,TERMINAL RECREIO,Sat Dec 30 1899 13:00:00 GMT-0306 (Brasilia Standard Time),Sat Dec 30 1899 14:00:00 GMT-0306 (Brasilia Standard Time),900,
51_1_U,TERMINAL RECREIO,Sat Dec 30 1899 14:00:00 GMT-0306 (Brasilia Standard Time),Sat Dec 30 1899 15:00:00 GMT-0306 (Brasilia Standard Time),900,
51_1_U,TERMINAL RECREIO,Sat Dec 30 1899 15:00:00 GMT-0306 (Brasilia Standard Time),Sat Dec 30 1899 16:00:00 GMT-0306 (Brasilia Standard Time),900,
51_1_U,TERMINAL RECREIO,Sat Dec 30 1899 16:00:00 GMT-0306 (Brasilia Standard Time),Sat Dec 30 1899 17:00:00 GMT-0306 (Brasilia Standard Time),900,
51_1_U,TERMINAL RECREIO,Sat Dec 30 1899 17:00:00 GMT-0306 (Brasilia Standard Time),Sat Dec 30 1899 18:00:00 GMT-0306 (Brasilia Standard Time),600,
51_1_U,TERMINAL RECREIO,Sat Dec 30 1899 18:00:00 GMT-0306 (Brasilia Standard Time),Sat Dec 30 1899 19:00:00 GMT-0306 (Brasilia Standard Time),900,
51_1_U,TERMINAL RECREIO,Sat Dec 30 1899 19:00:00 GMT-0306 (Brasilia Standard Time),Sat Dec 30 1899 20:00:00 GMT-0306 (Brasilia Standard Time),900,
51_1_U,TERMINAL RECREIO,Sat Dec 30 1899 20:00:00 GMT-0306 (Brasilia Standard Time),Sat Dec 30 1899 21:00:00 GMT-0306 (Brasilia Standard Time),900,
51_1_U,TERMINAL RECREIO,Sat Dec 30 1899 21:00:00 GMT-0306 (Brasilia Standard Time),Sat Dec 30 1899 22:00:00 GMT-0306 (Brasilia Standard Time),900,
51_1_U,TERMINAL RECREIO,Sat Dec 30 1899 22:00:00 GMT-0306 (Brasilia Standard Time),Sat Dec 30 1899 23:00:00 GMT-0306 (Brasilia Standard Time),900,
51_1_U,TERMINAL RECREIO,Sat Dec 30 1899 23:00:00 GMT-0306 (Brasilia Standard Time),Sat Dec 30 1899 23:59:00 GMT-0306 (Brasilia Standard Time),900,
51A_0_U,VILA MILITAR,Sat Dec 30 1899 06:00:00 GMT-0306 (Brasilia Standard Time),Sat Dec 30 1899 07:00:00 GMT-0306 (Brasilia Standard Time),900,
51A_0_U,VILA MILITAR,Sat Dec 30 1899 07:00:00 GMT-0306 (Brasilia Standard Time),Sat Dec 30 1899 08:00:00 GMT-0306 (Brasilia Standard Time),600,
51A_0_U,VILA MILITAR,Sat Dec 30 1899 16:00:00 GMT-0306 (Brasilia Standard Time),Sat Dec 30 1899 17:00:00 GMT-0306 (Brasilia Standard Time),900,
51A_0_U,VILA MILITAR,Sat Dec 30 1899 17:00:00 GMT-0306 (Brasilia Standard Time),Sat Dec 30 1899 18:00:00 GMT-0306 (Brasilia Standard Time),360,
51A_0_U,VILA MILITAR,Sat Dec 30 1899 18:00:00 GMT-0306 (Brasilia Standard Time),Sat Dec 30 1899 19:00:00 GMT-0306 (Brasilia Standard Time),720,
51A_0_U,VILA MILITAR,Sat Dec 30 1899 19:00:00 GMT-0306 (Brasilia Standard Time),Sat Dec 30 1899 20:00:00 GMT-0306 (Brasilia Standard Time),900,
51A_1_U,TERMINAL ALVORADA,Sat Dec 30 1899 05:00:00 GMT-0306 (Brasilia Standard Time),Sat Dec 30 1899 06:00:00 GMT-0306 (Brasilia Standard Time),600,
51A_1_U,TERMINAL ALVORADA,Sat Dec 30 1899 06:00:00 GMT-0306 (Brasilia Standard Time),Sat Dec 30 1899 07:00:00 GMT-0306 (Brasilia Standard Time),420,
51A_1_U,TERMINAL ALVORADA,Sat Dec 30 1899 07:00:00 GMT-0306 (Brasilia Standard Time),Sat Dec 30 1899 08:00:00 GMT-0306 (Brasilia Standard Time),420,
51A_1_U,TERMINAL ALVORADA,Sat Dec 30 1899 08:00:00 GMT-0306 (Brasilia Standard Time),Sat Dec 30 1899 09:00:00 GMT-0306 (Brasilia Standard Time),600,
51A_1_U,TERMINAL ALVORADA,Sat Dec 30 1899 17:00:00 GMT-0306 (Brasilia Standard Time),Sat Dec 30 1899 18:00:00 GMT-0306 (Brasilia Standard Time),900,
51A_1_U,TERMINAL ALVORADA,Sat Dec 30 1899 18:00:00 GMT-0306 (Brasilia Standard Time),Sat Dec 30 1899 19:00:00 GMT-0306 (Brasilia Standard Time),720,
53A_0_U,SULACAP,Sat Dec 30 1899 05:00:00 GMT-0306 (Brasilia Standard Time),Sat Dec 30 1899 06:00:00 GMT-0306 (Brasilia Standard Time),720,
53A_0_U,SULACAP,Sat Dec 30 1899 06:00:00 GMT-0306 (Brasilia Standard Time),Sat Dec 30 1899 07:00:00 GMT-0306 (Brasilia Standard Time),480,
53A_0_U,SULACAP,Sat Dec 30 1899 07:00:00 GMT-0306 (Brasilia Standard Time),Sat Dec 30 1899 08:00:00 GMT-0306 (Brasilia Standard Time),600,
53A_0_U,SULACAP,Sat Dec 30 1899 08:00:00 GMT-0306 (Brasilia Standard Time),Sat Dec 30 1899 09:00:00 GMT-0306 (Brasilia Standard Time),900,
53A_0_U,SULACAP,Sat Dec 30 1899 09:00:00 GMT-0306 (Brasilia Standard Time),Sat Dec 30 1899 10:00:00 GMT-0306 (Brasilia Standard Time),900,
53A_0_U,SULACAP,Sat Dec 30 1899 10:00:00 GMT-0306 (Brasilia Standard Time),Sat Dec 30 1899 11:00:00 GMT-0306 (Brasilia Standard Time),900,
53A_0_U,SULACAP,Sat Dec 30 1899 11:00:00 GMT-0306 (Brasilia Standard Time),Sat Dec 30 1899 12:00:00 GMT-0306 (Brasilia Standard Time),900,
53A_0_U,SULACAP,Sat Dec 30 1899 12:00:00 GMT-0306 (Brasilia Standard Time),Sat Dec 30 1899 13:00:00 GMT-0306 (Brasilia Standard Time),900,
53A_0_U,SULACAP,Sat Dec 30 1899 13:00:00 GMT-0306 (Brasilia Standard Time),Sat Dec 30 1899 14:00:00 GMT-0306 (Brasilia Standard Time),900,
53A_0_U,SULACAP,Sat Dec 30 1899 14:00:00 GMT-0306 (Brasilia Standard Time),Sat Dec 30 1899 15:00:00 GMT-0306 (Brasilia Standard Time),900,
53A_0_U,SULACAP,Sat Dec 30 1899 15:00:00 GMT-0306 (Brasilia Standard Time),Sat Dec 30 1899 16:00:00 GMT-0306 (Brasilia Standard Time),900,
53A_0_U,SULACAP,Sat Dec 30 1899 16:00:00 GMT-0306 (Brasilia Standard Time),Sat Dec 30 1899 17:00:00 GMT-0306 (Brasilia Standard Time),900,
53A_0_U,SULACAP,Sat Dec 30 1899 17:00:00 GMT-0306 (Brasilia Standard Time),Sat Dec 30 1899 18:00:00 GMT-0306 (Brasilia Standard Time),600,
53A_0_U,SULACAP,Sat Dec 30 1899 18:00:00 GMT-0306 (Brasilia Standard Time),Sat Dec 30 1899 19:00:00 GMT-0306 (Brasilia Standard Time),480,
53A_0_U,SULACAP,Sat Dec 30 1899 19:00:00 GMT-0306 (Brasilia Standard Time),Sat Dec 30 1899 20:00:00 GMT-0306 (Brasilia Standard Time),900,
53A_0_U,SULACAP,Sat Dec 30 1899 20:00:00 GMT-0306 (Brasilia Standard Time),Sat Dec 30 1899 21:00:00 GMT-0306 (Brasilia Standard Time),900,
53A_0_U,SULACAP,Sat Dec 30 1899 21:00:00 GMT-0306 (Brasilia Standard Time),Sat Dec 30 1899 22:00:00 GMT-0306 (Brasilia Standard Time),900,
53A_0_U,SULACAP,Sat Dec 30 1899 22:00:00 GMT-0306 (Brasilia Standard Time),Sat Dec 30 1899 23:00:00 GMT-0306 (Brasilia Standard Time),900,
53A_1_U,TERMINAL ALVORADA,Sat Dec 30 1899 05:00:00 GMT-0306 (Brasilia Standard Time),Sat Dec 30 1899 06:00:00 GMT-0306 (Brasilia Standard Time),600,
53A_1_U,TERMINAL ALVORADA,Sat Dec 30 1899 06:00:00 GMT-0306 (Brasilia Standard Time),Sat Dec 30 1899 07:00:00 GMT-0306 (Brasilia Standard Time),480,
53A_1_U,TERMINAL ALVORADA,Sat Dec 30 1899 07:00:00 GMT-0306 (Brasilia Standard Time),Sat Dec 30 1899 08:00:00 GMT-0306 (Brasilia Standard Time),480,
53A_1_U,TERMINAL ALVORADA,Sat Dec 30 1899 08:00:00 GMT-0306 (Brasilia Standard Time),Sat Dec 30 1899 09:00:00 GMT-0306 (Brasilia Standard Time),600,
53A_1_U,TERMINAL ALVORADA,Sat Dec 30 1899 09:00:00 GMT-0306 (Brasilia Standard Time),Sat Dec 30 1899 10:00:00 GMT-0306 (Brasilia Standard Time),900,
53A_1_U,TERMINAL ALVORADA,Sat Dec 30 1899 10:00:00 GMT-0306 (Brasilia Standard Time),Sat Dec 30 1899 11:00:00 GMT-0306 (Brasilia Standard Time),900,
53A_1_U,TERMINAL ALVORADA,Sat Dec 30 1899 11:00:00 GMT-0306 (Brasilia Standard Time),Sat Dec 30 1899 12:00:00 GMT-0306 (Brasilia Standard Time),900,
53A_1_U,TERMINAL ALVORADA,Sat Dec 30 1899 12:00:00 GMT-0306 (Brasilia Standard Time),Sat Dec 30 1899 13:00:00 GMT-0306 (Brasilia Standard Time),900,
53A_1_U,TERMINAL ALVORADA,Sat Dec 30 1899 13:00:00 GMT-0306 (Brasilia Standard Time),Sat Dec 30 1899 14:00:00 GMT-0306 (Brasilia Standard Time),900,
53A_1_U,TERMINAL ALVORADA,Sat Dec 30 1899 14:00:00 GMT-0306 (Brasilia Standard Time),Sat Dec 30 1899 15:00:00 GMT-0306 (Brasilia Standard Time),900,
53A_1_U,TERMINAL ALVORADA,Sat Dec 30 1899 15:00:00 GMT-0306 (Brasilia Standard Time),Sat Dec 30 1899 16:00:00 GMT-0306 (Brasilia Standard Time),900,
53A_1_U,TERMINAL ALVORADA,Sat Dec 30 1899 16:00:00 GMT-0306 (Brasilia Standard Time),Sat Dec 30 1899 17:00:00 GMT-0306 (Brasilia Standard Time),900,
53A_1_U,TERMINAL ALVORADA,Sat Dec 30 1899 17:00:00 GMT-0306 (Brasilia Standard Time),Sat Dec 30 1899 18:00:00 GMT-0306 (Brasilia Standard Time),600,
53A_1_U,TERMINAL ALVORADA,Sat Dec 30 1899 18:00:00 GMT-0306 (Brasilia Standard Time),Sat Dec 30 1899 19:00:00 GMT-0306 (Brasilia Standard Time),600,
53A_1_U,TERMINAL ALVORADA,Sat Dec 30 1899 19:00:00 GMT-0306 (Brasilia Standard Time),Sat Dec 30 1899 20:00:00 GMT-0306 (Brasilia Standard Time),900,
53A_1_U,TERMINAL ALVORADA,Sat Dec 30 1899 20:00:00 GMT-0306 (Brasilia Standard Time),Sat Dec 30 1899 21:00:00 GMT-0306 (Brasilia Standard Time),900,
53A_1_U,TERMINAL ALVORADA,Sat Dec 30 1899 21:00:00 GMT-0306 (Brasilia Standard Time),Sat Dec 30 1899 22:00:00 GMT-0306 (Brasilia Standard Time),900,
LECD 33_0_U,SANTA CRUZ,Sat Dec 30 1899 06:00:00 GMT-0306 (Brasilia Standard Time),Sat Dec 30 1899 07:00:00 GMT-0306 (Brasilia Standard Time),1200,
LECD 33_0_U,SANTA CRUZ,Sat Dec 30 1899 07:00:00 GMT-0306 (Brasilia Standard Time),Sat Dec 30 1899 08:00:00 GMT-0306 (Brasilia Standard Time),1200,
LECD 33_0_U,SANTA CRUZ,Sat Dec 30 1899 08:00:00 GMT-0306 (Brasilia Standard Time),Sat Dec 30 1899 09:00:00 GMT-0306 (Brasilia Standard Time),1200,
LECD 33_0_U,SANTA CRUZ,Sat Dec 30 1899 09:00:00 GMT-0306 (Brasilia Standard Time),Sat Dec 30 1899 10:00:00 GMT-0306 (Brasilia Standard Time),1200,
LECD 33_0_U,SANTA CRUZ,Sat Dec 30 1899 10:00:00 GMT-0306 (Brasilia Standard Time),Sat Dec 30 1899 11:00:00 GMT-0306 (Brasilia Standard Time),1200,
LECD 33_0_U,SANTA CRUZ,Sat Dec 30 1899 11:00:00 GMT-0306 (Brasilia Standard Time),Sat Dec 30 1899 12:00:00 GMT-0306 (Brasilia Standard Time),1200,
LECD 33_0_U,SANTA CRUZ,Sat Dec 30 1899 12:00:00 GMT-0306 (Brasilia Standard Time),Sat Dec 30 1899 13:00:00 GMT-0306 (Brasilia Standard Time),1200,
LECD 33_0_U,SANTA CRUZ,Sat Dec 30 1899 13:00:00 GMT-0306 (Brasilia Standard Time),Sat Dec 30 1899 14:00:00 GMT-0306 (Brasilia Standard Time),1200,
LECD 33_0_U,SANTA CRUZ,Sat Dec 30 1899 14:00:00 GMT-0306 (Brasilia Standard Time),Sat Dec 30 1899 15:00:00 GMT-0306 (Brasilia Standard Time),1200,
LECD 33_0_U,SANTA CRUZ,Sat Dec 30 1899 15:00:00 GMT-0306 (Brasilia Standard Time),Sat Dec 30 1899 16:00:00 GMT-0306 (Brasilia Standard Time),1200,
LECD 33_0_U,SANTA CRUZ,Sat Dec 30 1899 16:00:00 GMT-0306 (Brasilia Standard Time),Sat Dec 30 1899 17:00:00 GMT-0306 (Brasilia Standard Time),1200,
LECD 33_0_U,SANTA CRUZ,Sat Dec 30 1899 17:00:00 GMT-0306 (Brasilia Standard Time),Sat Dec 30 1899 18:00:00 GMT-0306 (Brasilia Standard Time),1200,
LECD 33_0_U,SANTA CRUZ,Sat Dec 30 1899 18:00:00 GMT-0306 (Brasilia Standard Time),Sat Dec 30 1899 19:00:00 GMT-0306 (Brasilia Standard Time),1200,
LECD 33_0_U,SANTA CRUZ,Sat Dec 30 1899 19:00:00 GMT-0306 (Brasilia Standard Time),Sat Dec 30 1899 20:00:00 GMT-0306 (Brasilia Standard Time),1200,
LECD 33_0_U,SANTA CRUZ,Sat Dec 30 1899 20:00:00 GMT-0306 (Brasilia Standard Time),Sat Dec 30 1899 21:00:00 GMT-0306 (Brasilia Standard Time),1200,
LECD 33_0_U,SANTA CRUZ,Sat Dec 30 1899 21:00:00 GMT-0306 (Brasilia Standard Time),Sat Dec 30 1899 22:00:00 GMT-0306 (Brasilia Standard Time),1200,
LECD 33_1_U,CAMPO GRANDE,Sat Dec 30 1899 06:00:00 GMT-0306 (Brasilia Standard Time),Sat Dec 30 1899 07:00:00 GMT-0306 (Brasilia Standard Time),1200,
LECD 33_1_U,CAMPO GRANDE,Sat Dec 30 1899 07:00:00 GMT-0306 (Brasilia Standard Time),Sat Dec 30 1899 08:00:00 GMT-0306 (Brasilia Standard Time),1200,
LECD 33_1_U,CAMPO GRANDE,Sat Dec 30 1899 08:00:00 GMT-0306 (Brasilia Standard Time),Sat Dec 30 1899 09:00:00 GMT-0306 (Brasilia Standard Time),1200,
LECD 33_1_U,CAMPO GRANDE,Sat Dec 30 1899 09:00:00 GMT-0306 (Brasilia Standard Time),Sat Dec 30 1899 10:00:00 GMT-0306 (Brasilia Standard Time),1200,
LECD 33_1_U,CAMPO GRANDE,Sat Dec 30 1899 10:00:00 GMT-0306 (Brasilia Standard Time),Sat Dec 30 1899 11:00:00 GMT-0306 (Brasilia Standard Time),1200,
LECD 33_1_U,CAMPO GRANDE,Sat Dec 30 1899 11:00:00 GMT-0306 (Brasilia Standard Time),Sat Dec 30 1899 12:00:00 GMT-0306 (Brasilia Standard Time),1200,
LECD 33_1_U,CAMPO GRANDE,Sat Dec 30 1899 12:00:00 GMT-0306 (Brasilia Standard Time),Sat Dec 30 1899 13:00:00 GMT-0306 (Brasilia Standard Time),1200,
LECD 33_1_U,CAMPO GRANDE,Sat Dec 30 1899 13:00:00 GMT-0306 (Brasilia Standard Time),Sat Dec 30 1899 14:00:00 GMT-0306 (Brasilia Standard Time),1200,
LECD 33_1_U,CAMPO GRANDE,Sat Dec 30 1899 14:00:00 GMT-0306 (Brasilia Standard Time),Sat Dec 30 1899 15:00:00 GMT-0306 (Brasilia Standard Time),1200,
LECD 33_1_U,CAMPO GRANDE,Sat Dec 30 1899 15:00:00 GMT-0306 (Brasilia Standard Time),Sat Dec 30 1899 16:00:00 GMT-0306 (Brasilia Standard Time),1200,
LECD 33_1_U,CAMPO GRANDE,Sat Dec 30 1899 16:00:00 GMT-0306 (Brasilia Standard Time),Sat Dec 30 1899 17:00:00 GMT-0306 (Brasilia Standard Time),1200,
LECD 33_1_U,CAMPO GRANDE,Sat Dec 30 1899 17:00:00 GMT-0306 (Brasilia Standard Time),Sat Dec 30 1899 18:00:00 GMT-0306 (Brasilia Standard Time),1200,
LECD 33_1_U,CAMPO GRANDE,Sat Dec 30 1899 18:00:00 GMT-0306 (Brasilia Standard Time),Sat Dec 30 1899 19:00:00 GMT-0306 (Brasilia Standard Time),1200,
LECD 33_1_U,CAMPO GRANDE,Sat Dec 30 1899 19:00:00 GMT-0306 (Brasilia Standard Time),Sat Dec 30 1899 20:00:00 GMT-0306 (Brasilia Standard Time),1200,
LECD 33_1_U,CAMPO GRANDE,Sat Dec 30 1899 20:00:00 GMT-0306 (Brasilia Standard Time),Sat Dec 30 1899 21:00:00 GMT-0306 (Brasilia Standard Time),1200,
LECD 33_1_U,CAMPO GRANDE,Sat Dec 30 1899 21:00:00 GMT-0306 (Brasilia Standard Time),Sat Dec 30 1899 22:00:00 GMT-0306 (Brasilia Standard Time),1200,
