Linha (trip_id),Estação (stop_id),Sequência de parada (stop_sequence),Situação
10 - Santa Cruz -> Alvorada (Expresso),TERMINAL SANTA CRUZ,1,Operante
10 - Santa Cruz -> Alvorada (Expresso),GENERAL OLÍMPIO,2,Operante
10 - Santa Cruz -> Alvorada (Expresso),GASTÃO RANGEL,3,Operante
10 - Santa Cruz -> Alvorada (Expresso),CAJUEIROS,4,Inoperante
10 - Santa Cruz -> Alvorada (Expresso),CURRAL FALSO,5,Operante
10 - Santa Cruz -> Alvorada (Expresso),SANTA VERIDIANA,6,Operante
10 - Santa Cruz -> Alvorada (Expresso),VENDAS DE VARANDA,7,Inoperante
10 - Santa Cruz -> Alvorada (Expresso),PINGO D’ÁGUA,8,Operante
10 - Santa Cruz -> Alvorada (Expresso),MAGARÇA,9,Operante
10 - Santa Cruz -> Alvorada (Expresso),MATO ALTO,10,Operante
10 - Santa Cruz -> Alvorada (Expresso),RECREIO SHOPPING,11,Operante
10 - Santa Cruz -> Alvorada (Expresso),GLÁUCIO GIL,12,Operante
10 - Santa Cruz -> Alvorada (Expresso),SALVADOR ALLENDE,13,Operante
10 - Santa Cruz -> Alvorada (Expresso),TERMINAL ALVORADA,14,Operante
12 - Pingo D'água -> Alvorada (Expresso),PINGO D’ÁGUA,1,Operante
12 - Pingo D'água -> Alvorada (Expresso),MAGARÇA,2,Operante
12 - Pingo D'água -> Alvorada (Expresso),MATO ALTO,3,Operante
12 - Pingo D'água -> Alvorada (Expresso),RECREIO SHOPPING,4,Operante
12 - Pingo D'água -> Alvorada (Expresso),GLÁUCIO GIL,5,Operante
12 - Pingo D'água -> Alvorada (Expresso),SALVADOR ALLENDE,6,Operante
12 - Pingo D'água -> Alvorada (Expresso),TERMINAL ALVORADA,7,Operante
13 - Mato Alto -> Alvorada (Expresso),MATO ALTO,1,Operante
13 - Mato Alto -> Alvorada (Expresso),ILHA DE GUARATIBA,2,Operante
13 - Mato Alto -> Alvorada (Expresso),RECREIO SHOPPING,3,Operante
13 - Mato Alto -> Alvorada (Expresso),GLÁUCIO GIL,4,Operante
13 - Mato Alto -> Alvorada (Expresso),SALVADOR ALLENDE,5,Operante
13 - Mato Alto -> Alvorada (Expresso),TERMINAL ALVORADA,6,Operante
14 - Campo Grande -> Salvador Allende (SemiDireto),TERMINAL CAMPO GRANDE,1,Operante
14 - Campo Grande -> Salvador Allende (SemiDireto),SANTA EUGÊNIA,2,Operante
14 - Campo Grande -> Salvador Allende (SemiDireto),SALVADOR ALLENDE,3,Operante
15 - Pingo Dagua -> Recreio Shopping (Parador),PINGO D’ÁGUA,1,Operante
15 - Pingo Dagua -> Recreio Shopping (Parador),MAGARÇA,2,Operante
15 - Pingo Dagua -> Recreio Shopping (Parador),MATO ALTO,3,Operante
15 - Pingo Dagua -> Recreio Shopping (Parador),EMBRAPA,4,Inoperante
15 - Pingo Dagua -> Recreio Shopping (Parador),CTEX,5,Operante
15 - Pingo Dagua -> Recreio Shopping (Parador),ILHA DE GUARATIBA,6,Operante
15 - Pingo Dagua -> Recreio Shopping (Parador),PONTAL,7,Operante
15 - Pingo Dagua -> Recreio Shopping (Parador),DOM BOSCO,8,Inoperante
15 - Pingo Dagua -> Recreio Shopping (Parador),NOTRE DAME,9,Operante
15 - Pingo Dagua -> Recreio Shopping (Parador),RECANTO DAS GARÇAS,10,Inoperante
15 - Pingo Dagua -> Recreio Shopping (Parador),RECREIO SHOPPING,11,Operante
18 - Recreio -> J. Oceânico (Expresso),NOTRE DAME,1,Operante
18 - Recreio -> J. Oceânico (Expresso),RECREIO SHOPPING,2,Operante
18 - Recreio -> J. Oceânico (Expresso),GILKA MACHADO,3,Operante
18 - Recreio -> J. Oceânico (Expresso),NOVA BARRA,4,Operante
18 - Recreio -> J. Oceânico (Expresso),GLÁUCIO GIL,5,Operante
18 - Recreio -> J. Oceânico (Expresso),SALVADOR ALLENDE,6,Operante
18 - Recreio -> J. Oceânico (Expresso),AMÉRICAS PARK,7,Operante
18 - Recreio -> J. Oceânico (Expresso),NOVO LEBLON,8,Operante
18 - Recreio -> J. Oceânico (Expresso),BARRASHOPPING,9,Operante
18 - Recreio -> J. Oceânico (Expresso),PARQUE DAS ROSAS,10,Operante
18 - Recreio -> J. Oceânico (Expresso),BOSQUE MARAPENDI,11,Operante
18 - Recreio -> J. Oceânico (Expresso),TERMINAL JARDIM OCEÂNICO,12,Operante
19 - Pingo D'água -> Salvador Allende (Expresso),PINGO D’ÁGUA,1,Operante
19 - Pingo D'água -> Salvador Allende (Expresso),MAGARÇA,2,Operante
19 - Pingo D'água -> Salvador Allende (Expresso),MATO ALTO,3,Operante
19 - Pingo D'água -> Salvador Allende (Expresso),RECREIO SHOPPING,4,Operante
19 - Pingo D'água -> Salvador Allende (Expresso),GLÁUCIO GIL,5,Operante
19 - Pingo D'água -> Salvador Allende (Expresso),SALVADOR ALLENDE,6,Operante
20 - Santa Cruz -> Salvador Allende (Expresso),TERMINAL SANTA CRUZ,1,Operante
20 - Santa Cruz -> Salvador Allende (Expresso),GENERAL OLÍMPIO,2,Operante
20 - Santa Cruz -> Salvador Allende (Expresso),GASTÃO RANGEL,3,Operante
20 - Santa Cruz -> Salvador Allende (Expresso),CAJUEIROS,4,Inoperante
20 - Santa Cruz -> Salvador Allende (Expresso),CURRAL FALSO,5,Operante
20 - Santa Cruz -> Salvador Allende (Expresso),SANTA VERIDIANA,6,Operante
20 - Santa Cruz -> Salvador Allende (Expresso),VENDAS DE VARANDA,7,Inoperante
20 - Santa Cruz -> Salvador Allende (Expresso),PINGO D’ÁGUA,8,Operante
20 - Santa Cruz -> Salvador Allende (Expresso),MAGARÇA,9,Operante
20 - Santa Cruz -> Salvador Allende (Expresso),MATO ALTO,10,Operante
20 - Santa Cruz -> Salvador Allende (Expresso),RECREIO SHOPPING,11,Operante
20 - Santa Cruz -> Salvador Allende (Expresso),GLÁUCIO GIL,12,Operante
20 - Santa Cruz -> Salvador Allende (Expresso),SALVADOR ALLENDE,13,Operante
22 - Alvorada - J. Oceânico (Parador),TERMINAL ALVORADA,1,Operante
22 - Alvorada - J. Oceânico (Parador),BARRASHOPPING,2,Operante
22 - Alvorada - J. Oceânico (Parador),PARQUE DAS ROSAS,3,Operante
22 - Alvorada - J. Oceânico (Parador),RICARDO MARINHO,4,Operante
22 - Alvorada - J. Oceânico (Parador),RIVIERA,5,Operante
22 - Alvorada - J. Oceânico (Parador),AFRÂNIO COSTA,6,Operante
22 - Alvorada - J. Oceânico (Parador),PAULO MALTA REZENDE,7,Operante
22 - Alvorada - J. Oceânico (Parador),BOSQUE MARAPENDI,8,Operante
22 - Alvorada - J. Oceânico (Parador),TERMINAL JARDIM OCEÂNICO,9,Operante
25A - Mato Alto -> Alvorada (Parador),MATO ALTO,1,Operante
25A - Mato Alto -> Alvorada (Parador),EMBRAPA,2,Inoperante
25A - Mato Alto -> Alvorada (Parador),CTEX,3,Operante
25A - Mato Alto -> Alvorada (Parador),ILHA DE GUARATIBA,4,Operante
25A - Mato Alto -> Alvorada (Parador),PONTAL,5,Operante
25A - Mato Alto -> Alvorada (Parador),DOM BOSCO,6,Inoperante
25A - Mato Alto -> Alvorada (Parador),NOTRE DAME,7,Operante
25A - Mato Alto -> Alvorada (Parador),RECANTO DAS GARÇAS,8,Inoperante
25A - Mato Alto -> Alvorada (Parador),RECREIO SHOPPING,9,Operante
25A - Mato Alto -> Alvorada (Parador),GUIOMAR NOVAES,10,Inoperante
25A - Mato Alto -> Alvorada (Parador),GILKA MACHADO,11,Operante
25A - Mato Alto -> Alvorada (Parador),NOVA BARRA,12,Operante
25A - Mato Alto -> Alvorada (Parador),BENVINDO DE NOVAES,13,Inoperante
25A - Mato Alto -> Alvorada (Parador),GLÁUCIO GIL,14,Operante
25A - Mato Alto -> Alvorada (Parador),GUIGNARD,15,Inoperante
25A - Mato Alto -> Alvorada (Parador),GELSON FONSECA,16,Inoperante
25A - Mato Alto -> Alvorada (Parador),SALVADOR ALLENDE,17,Operante
25A - Mato Alto -> Alvorada (Parador),PONTÕES/BARRA SUL,18,Operante
25A - Mato Alto -> Alvorada (Parador),PEDRA DE ITAÚNA,19,Operante
25A - Mato Alto -> Alvorada (Parador),INTERLAGOS,20,Operante
25A - Mato Alto -> Alvorada (Parador),GOLFE OLÍMPICO,21,Inoperante
25A - Mato Alto -> Alvorada (Parador),RIOMAR,22,Operante
25A - Mato Alto -> Alvorada (Parador),SANTA MÔNICA JARDINS,23,Operante
25A - Mato Alto -> Alvorada (Parador),AMÉRICAS PARK,24,Operante
25A - Mato Alto -> Alvorada (Parador),NOVO LEBLON,25,Operante
25A - Mato Alto -> Alvorada (Parador),BOSQUE DA BARRA,26,Operante
25A - Mato Alto -> Alvorada (Parador),TERMINAL ALVORADA,27,Operante
27 - Mato Alto -> Salvador Allende (Parador),MATO ALTO,1,Operante
27 - Mato Alto -> Salvador Allende (Parador),EMBRAPA,2,Inoperante
27 - Mato Alto -> Salvador Allende (Parador),CTEX,3,Operante
27 - Mato Alto -> Salvador Allende (Parador),ILHA DE GUARATIBA,4,Operante
27 - Mato Alto -> Salvador Allende (Parador),PONTAL,5,Operante
27 - Mato Alto -> Salvador Allende (Parador),DOM BOSCO,6,Inoperante
27 - Mato Alto -> Salvador Allende (Parador),NOTRE DAME,7,Operante
27 - Mato Alto -> Salvador Allende (Parador),RECANTO DAS GARÇAS,8,Inoperante
27 - Mato Alto -> Salvador Allende (Parador),RECREIO SHOPPING,9,Operante
27 - Mato Alto -> Salvador Allende (Parador),GUIOMAR NOVAES,10,Inoperante
27 - Mato Alto -> Salvador Allende (Parador),GILKA MACHADO,11,Operante
27 - Mato Alto -> Salvador Allende (Parador),NOVA BARRA,12,Operante
27 - Mato Alto -> Salvador Allende (Parador),BENVINDO DE NOVAES,13,Inoperante
27 - Mato Alto -> Salvador Allende (Parador),GLÁUCIO GIL,14,Operante
27 - Mato Alto -> Salvador Allende (Parador),GUIGNARD,15,Inoperante
27 - Mato Alto -> Salvador Allende (Parador),GELSON FONSECA,16,Inoperante
27 - Mato Alto -> Salvador Allende (Parador),SALVADOR ALLENDE,17,Operante
29 - Salvador Allende -> Jd. Oceânico (Parador),SALVADOR ALLENDE,1,Operante
29 - Salvador Allende -> Jd. Oceânico (Parador),PONTÕES/BARRA SUL,2,Operante
29 - Salvador Allende -> Jd. Oceânico (Parador),PEDRA DE ITAÚNA,3,Operante
29 - Salvador Allende -> Jd. Oceânico (Parador),INTERLAGOS,4,Operante
29 - Salvador Allende -> Jd. Oceânico (Parador),GOLFE OLÍMPICO,5,Inoperante
29 - Salvador Allende -> Jd. Oceânico (Parador),RIOMAR,6,Operante
29 - Salvador Allende -> Jd. Oceânico (Parador),SANTA MÔNICA JARDINS,7,Operante
29 - Salvador Allende -> Jd. Oceânico (Parador),AMÉRICAS PARK,8,Operante
29 - Salvador Allende -> Jd. Oceânico (Parador),NOVO LEBLON,9,Operante
29 - Salvador Allende -> Jd. Oceânico (Parador),BOSQUE DA BARRA,10,Operante
29 - Salvador Allende -> Jd. Oceânico (Parador),TERMINAL ALVORADA,11,Operante
29 - Salvador Allende -> Jd. Oceânico (Parador),BARRASHOPPING,12,Operante
29 - Salvador Allende -> Jd. Oceânico (Parador),PARQUE DAS ROSAS,13,Operante
29 - Salvador Allende -> Jd. Oceânico (Parador),RICARDO MARINHO,14,Operante
29 - Salvador Allende -> Jd. Oceânico (Parador),RIVIERA,15,Operante
29 - Salvador Allende -> Jd. Oceânico (Parador),AFRÂNIO COSTA,16,Operante
29 - Salvador Allende -> Jd. Oceânico (Parador),PAULO MALTA REZENDE,17,Operante
29 - Salvador Allende -> Jd. Oceânico (Parador),BOSQUE MARAPENDI,18,Operante
29 - Salvador Allende -> Jd. Oceânico (Parador),TERMINAL JARDIM OCEÂNICO,19,Operante
31 - Vicente de Carvalho -> Alvorada (SemiDireto),TERMINAL ALVORADA,1,Operante
31 - Vicente de Carvalho -> Alvorada (SemiDireto),MADUREIRA MANACÉIA,2,Operante
31 - Vicente de Carvalho -> Alvorada (SemiDireto),VICENTE DE CARVALHO,3,Operante
35 - Madureira -> Alvorada (Parador),TERMINAL ALVORADA,1,Operante
35 - Madureira -> Alvorada (Parador),LOURENÇO JORGE,2,Operante
35 - Madureira -> Alvorada (Parador),AEROPORTO DE JACAREPAGUÁ,3,Operante
35 - Madureira -> Alvorada (Parador),VIA PARQUE,4,Operante
35 - Madureira -> Alvorada (Parador),CENTRO METROPOLITANO,5,Operante
35 - Madureira -> Alvorada (Parador),REDE SARAH,6,Operante
35 - Madureira -> Alvorada (Parador),RIO 2,7,Operante
35 - Madureira -> Alvorada (Parador),PEDRO CORREIA,8,Operante
35 - Madureira -> Alvorada (Parador),CURICICA,9,Operante
35 - Madureira -> Alvorada (Parador),PRAÇA DO BANDOLIM,10,Operante
35 - Madureira -> Alvorada (Parador),ARROIO PAVUNA,11,Inoperante
35 - Madureira -> Alvorada (Parador),VILA SAPÊ,12,Operante
35 - Madureira -> Alvorada (Parador),RECANTO DAS PALMEIRAS,13,Inoperante
35 - Madureira -> Alvorada (Parador),DIVINA PROVIDÊNCIA,14,Inoperante
35 - Madureira -> Alvorada (Parador),MERCK,15,Operante
35 - Madureira -> Alvorada (Parador),ANDRÉ ROCHA,16,Operante
35 - Madureira -> Alvorada (Parador),TAQUARA,17,Operante
35 - Madureira -> Alvorada (Parador),ARACY CABRAL,18,Operante
35 - Madureira -> Alvorada (Parador),TANQUE,19,Operante
35 - Madureira -> Alvorada (Parador),IPASE,20,Operante
35 - Madureira -> Alvorada (Parador),PRAÇA SECA,21,Operante
35 - Madureira -> Alvorada (Parador),CAPITÃO MENEZES,22,Operante
35 - Madureira -> Alvorada (Parador),PINTO TELES,23,Operante
35 - Madureira -> Alvorada (Parador),CAMPINHO,24,Operante
35 - Madureira -> Alvorada (Parador),TERMINAL MADUREIRA – PAULO DA PORTELA,25,Operante
35A - Madureira -> JOC (Parador),TERMINAL MADUREIRA – PAULO DA PORTELA,1,Operante
35A - Madureira -> JOC (Parador),CAMPINHO,2,Operante
35A - Madureira -> JOC (Parador),PINTO TELES,3,Operante
35A - Madureira -> JOC (Parador),CAPITÃO MENEZES,4,Operante
35A - Madureira -> JOC (Parador),PRAÇA SECA,5,Operante
35A - Madureira -> JOC (Parador),IPASE,6,Operante
35A - Madureira -> JOC (Parador),TANQUE,7,Operante
35A - Madureira -> JOC (Parador),ARACY CABRAL,8,Operante
35A - Madureira -> JOC (Parador),TAQUARA,9,Operante
35A - Madureira -> JOC (Parador),ANDRÉ ROCHA,10,Operante
35A - Madureira -> JOC (Parador),MERCK,11,Operante
35A - Madureira -> JOC (Parador),DIVINA PROVIDÊNCIA,12,Inoperante
35A - Madureira -> JOC (Parador),RECANTO DAS PALMEIRAS,13,Inoperante
35A - Madureira -> JOC (Parador),VILA SAPÊ,14,Operante
35A - Madureira -> JOC (Parador),ARROIO PAVUNA,15,Inoperante
35A - Madureira -> JOC (Parador),PRAÇA DO BANDOLIM,16,Operante
35A - Madureira -> JOC (Parador),CURICICA,17,Operante
35A - Madureira -> JOC (Parador),PEDRO CORREIA,18,Operante
35A - Madureira -> JOC (Parador),RIO 2,19,Operante
35A - Madureira -> JOC (Parador),REDE SARAH,20,Operante
35A - Madureira -> JOC (Parador),CENTRO METROPOLITANO,21,Operante
35A - Madureira -> JOC (Parador),VIA PARQUE,22,Operante
35A - Madureira -> JOC (Parador),AEROPORTO DE JACAREPAGUÁ,23,Operante
35A - Madureira -> JOC (Parador),LOURENÇO JORGE,24,Operante
35A - Madureira -> JOC (Parador),TERMINAL ALVORADA,25,Operante
35A - Madureira -> JOC (Parador),BARRASHOPPING,26,Operante
35A - Madureira -> JOC (Parador),PARQUE DAS ROSAS,27,Operante
35A - Madureira -> JOC (Parador),RICARDO MARINHO,28,Operante
35A - Madureira -> JOC (Parador),RIVIERA,29,Operante
35A - Madureira -> JOC (Parador),AFRÂNIO COSTA,30,Operante
35A - Madureira -> JOC (Parador),PAULO MALTA REZENDE,31,Operante
35A - Madureira -> JOC (Parador),BOSQUE MARAPENDI,32,Operante
35A - Madureira -> JOC (Parador),TERMINAL JARDIM OCEÂNICO,33,Operante
40A - Madureira -> Alvorada (Expresso),TERMINAL MADUREIRA – PAULO DA PORTELA,1,Operante
40A - Madureira -> Alvorada (Expresso),PRAÇA SECA,2,Operante
40A - Madureira -> Alvorada (Expresso),TANQUE,3,Operante
40A - Madureira -> Alvorada (Expresso),TAQUARA,4,Operante
40A - Madureira -> Alvorada (Expresso),SANTA EFIGÊNIA,5,Operante
40A - Madureira -> Alvorada (Expresso),CURICICA,6,Operante
40A - Madureira -> Alvorada (Expresso),RIO 2,7,Operante
40A - Madureira -> Alvorada (Expresso),VIA PARQUE,8,Operante
40A - Madureira -> Alvorada (Expresso),TERMINAL ALVORADA,9,Operante
41 - Madureira -> T. Recreio (Expresso),TERMINAL MADUREIRA – PAULO DA PORTELA,1,Operante
41 - Madureira -> T. Recreio (Expresso),CAMPINHO,2,Operante
41 - Madureira -> T. Recreio (Expresso),PRAÇA SECA,3,Operante
41 - Madureira -> T. Recreio (Expresso),TANQUE,4,Operante
41 - Madureira -> T. Recreio (Expresso),TAQUARA,5,Operante
41 - Madureira -> T. Recreio (Expresso),SANTA EFIGÊNIA,6,Operante
41 - Madureira -> T. Recreio (Expresso),CURICICA,7,Operante
41 - Madureira -> T. Recreio (Expresso),ASA BRANCA,8,Operante
41 - Madureira -> T. Recreio (Expresso),MORRO DO OUTEIRO,9,Operante
41 - Madureira -> T. Recreio (Expresso),RIO CENTRO,10,Operante
41 - Madureira -> T. Recreio (Expresso),OLOF PALME,11,Inoperante
41 - Madureira -> T. Recreio (Expresso),TERMINAL RECREIO,12,Operante
42A - Galeão -> Madureira (Parador),GALEÃO 2,1,Operante
42A - Galeão -> Madureira (Parador),GALEÃO 1,2,Operante
42A - Galeão -> Madureira (Parador),TERMINAL FUNDÃO,3,Operante
42A - Galeão -> Madureira (Parador),MARÉ,4,Operante
42A - Galeão -> Madureira (Parador),SANTA LUZIA,5,Operante
42A - Galeão -> Madureira (Parador),CARDOSO DE MORAES,6,Inoperante
42A - Galeão -> Madureira (Parador),OLARIA,7,Inoperante
42A - Galeão -> Madureira (Parador),IBIAPINA,8,Inoperante
42A - Galeão -> Madureira (Parador),PENHA 1,9,Operante
42A - Galeão -> Madureira (Parador),PASTOR JOSÉ SANTOS,10,Operante
42A - Galeão -> Madureira (Parador),GUAPORÉ,11,Inoperante
42A - Galeão -> Madureira (Parador),PRAÇA DO CARMO,12,Inoperante
42A - Galeão -> Madureira (Parador),PEDRO TAQUES,13,Inoperante
42A - Galeão -> Madureira (Parador),VILA KOSMOS,14,Operante
42A - Galeão -> Madureira (Parador),VICENTE DE CARVALHO,15,Operante
42A - Galeão -> Madureira (Parador),MARAMBAIA,16,Inoperante
42A - Galeão -> Madureira (Parador),VAZ LOBO,17,Operante
42A - Galeão -> Madureira (Parador),VILA QUEIROZ,18,Operante
42A - Galeão -> Madureira (Parador),OTAVIANO,19,Operante
42A - Galeão -> Madureira (Parador),MERCADÃO,20,Operante
42A - Galeão -> Madureira (Parador),MADUREIRA MANACÉIA,21,Operante
46 - Penha -> Alvorada (Expresso),TERMINAL ALVORADA,1,Operante
46 - Penha -> Alvorada (Expresso),RIO 2,2,Operante
46 - Penha -> Alvorada (Expresso),SANTA EFIGÊNIA,3,Operante
46 - Penha -> Alvorada (Expresso),TAQUARA,4,Operante
46 - Penha -> Alvorada (Expresso),TANQUE,5,Operante
46 - Penha -> Alvorada (Expresso),PRAÇA SECA,6,Operante
46 - Penha -> Alvorada (Expresso),CAMPINHO,7,Operante
46 - Penha -> Alvorada (Expresso),MADUREIRA MANACÉIA,8,Operante
46 - Penha -> Alvorada (Expresso),MERCADÃO,9,Operante
46 - Penha -> Alvorada (Expresso),VICENTE DE CARVALHO,10,Operante
46 - Penha -> Alvorada (Expresso),PENHA 1,11,Operante
50 - Jd. Oceânico -> Term. C. Olímp. (Parador),TERMINAL JARDIM OCEÂNICO,1,Operante
50 - Jd. Oceânico -> Term. C. Olímp. (Parador),BOSQUE MARAPENDI,2,Operante
50 - Jd. Oceânico -> Term. C. Olímp. (Parador),PAULO MALTA REZENDE,3,Operante
50 - Jd. Oceânico -> Term. C. Olímp. (Parador),AFRÂNIO COSTA,4,Operante
50 - Jd. Oceânico -> Term. C. Olímp. (Parador),RIVIERA,5,Operante
50 - Jd. Oceânico -> Term. C. Olímp. (Parador),RICARDO MARINHO,6,Operante
50 - Jd. Oceânico -> Term. C. Olímp. (Parador),PARQUE DAS ROSAS,7,Operante
50 - Jd. Oceânico -> Term. C. Olímp. (Parador),BARRASHOPPING,8,Operante
50 - Jd. Oceânico -> Term. C. Olímp. (Parador),TERMINAL ALVORADA,9,Operante
50 - Jd. Oceânico -> Term. C. Olímp. (Parador),LOURENÇO JORGE,10,Operante
50 - Jd. Oceânico -> Term. C. Olímp. (Parador),AEROPORTO DE JACAREPAGUÁ,11,Operante
50 - Jd. Oceânico -> Term. C. Olímp. (Parador),VIA PARQUE,12,Operante
50 - Jd. Oceânico -> Term. C. Olímp. (Parador),CENTRO METROPOLITANO,13,Operante
50 - Jd. Oceânico -> Term. C. Olímp. (Parador),REDE SARAH,14,Operante
50 - Jd. Oceânico -> Term. C. Olímp. (Parador),RIO 2,15,Operante
50 - Jd. Oceânico -> Term. C. Olímp. (Parador),PARQUE OLÍMPICO,16,Operante
50 - Jd. Oceânico -> Term. C. Olímp. (Parador),TERMINAL CENTRO OLÍMPICO,17,Operante
50 - Jd. Oceânico -> Term. C. Olímp. (Parador),MORRO DO OUTEIRO,18,Operante
51 - Vila Militar -> T. Recreio (Parador),TERMINAL RECREIO,1,Operante
51 - Vila Militar -> T. Recreio (Parador),CATEDRAL,2,Inoperante
51 - Vila Militar -> T. Recreio (Parador),TAPEBUIAS,3,Inoperante
51 - Vila Militar -> T. Recreio (Parador),ILHA PURA,4,Operante
51 - Vila Militar -> T. Recreio (Parador),OLOF PALME,5,Inoperante
51 - Vila Militar -> T. Recreio (Parador),RIO CENTRO,6,Operante
51 - Vila Militar -> T. Recreio (Parador),MORRO DO OUTEIRO,7,Operante
51 - Vila Militar -> T. Recreio (Parador),MINHA PRAIA,8,Inoperante
51 - Vila Militar -> T. Recreio (Parador),ASA BRANCA,9,Operante
51 - Vila Militar -> T. Recreio (Parador),LEILA DINIZ,10,Operante
51 - Vila Militar -> T. Recreio (Parador),VENTURA,11,Operante
51 - Vila Militar -> T. Recreio (Parador),COLÔNIA,12,Operante
51 - Vila Militar -> T. Recreio (Parador),OUTEIRO SANTO,13,Inoperante
51 - Vila Militar -> T. Recreio (Parador),BOIÚNA,14,Operante
51 - Vila Militar -> T. Recreio (Parador),MARECHAL FONTENELLE,15,Operante
51 - Vila Militar -> T. Recreio (Parador),PADRE JOÃO CHRIBBIN,16,Inoperante
51 - Vila Militar -> T. Recreio (Parador),MAGALHÃES BASTOS,17,Operante
51 - Vila Militar -> T. Recreio (Parador),VILA MILITAR,18,Operante
51A - Vila Militar -> Alvorada (Parador),VILA MILITAR,1,Operante
51A - Vila Militar -> Alvorada (Parador),MAGALHÃES BASTOS,2,Operante
51A - Vila Militar -> Alvorada (Parador),PADRE JOÃO CHRIBBIN,3,Inoperante
51A - Vila Militar -> Alvorada (Parador),MARECHAL FONTENELLE,4,Operante
51A - Vila Militar -> Alvorada (Parador),BOIÚNA,5,Operante
51A - Vila Militar -> Alvorada (Parador),OUTEIRO SANTO,6,Inoperante
51A - Vila Militar -> Alvorada (Parador),COLÔNIA,7,Operante
51A - Vila Militar -> Alvorada (Parador),VENTURA,8,Operante
51A - Vila Militar -> Alvorada (Parador),LEILA DINIZ,9,Operante
51A - Vila Militar -> Alvorada (Parador),ASA BRANCA,10,Operante
51A - Vila Militar -> Alvorada (Parador),MINHA PRAIA,11,Inoperante
51A - Vila Militar -> Alvorada (Parador),MORRO DO OUTEIRO,12,Operante
51A - Vila Militar -> Alvorada (Parador),TERMINAL CENTRO OLÍMPICO,13,Operante
51A - Vila Militar -> Alvorada (Parador),PARQUE OLÍMPICO,14,Operante
51A - Vila Militar -> Alvorada (Parador),RIO 2,15,Operante
51A - Vila Militar -> Alvorada (Parador),REDE SARAH,16,Operante
51A - Vila Militar -> Alvorada (Parador),CENTRO METROPOLITANO,17,Operante
51A - Vila Militar -> Alvorada (Parador),VIA PARQUE,18,Operante
51A - Vila Militar -> Alvorada (Parador),AEROPORTO DE JACAREPAGUÁ,19,Operante
51A - Vila Militar -> Alvorada (Parador),LOURENÇO JORGE,20,Operante
51A - Vila Militar -> Alvorada (Parador),TERMINAL ALVORADA,21,Operante
53A - Sulacap -> Alvorada (Expresso),TERMINAL SULACAP,1,Operante
53A - Sulacap -> Alvorada (Expresso),MARECHAL FONTENELLE,2,Operante
53A - Sulacap -> Alvorada (Expresso),MORRO DO OUTEIRO,3,Operante
53A - Sulacap -> Alvorada (Expresso),RIO 2,4,Operante
53A - Sulacap -> Alvorada (Expresso),VIA PARQUE,5,Operante
53A - Sulacap -> Alvorada (Expresso),TERMINAL ALVORADA,6,Operante
53B - Sulacap -> Jardim Oceânico (Parador),TERMINAL JARDIM OCEÂNICO,1,Operante
53B - Sulacap -> Jardim Oceânico (Parador),BOSQUE MARAPENDI,2,Operante
53B - Sulacap -> Jardim Oceânico (Parador),PAULO MALTA REZENDE,3,Operante
53B - Sulacap -> Jardim Oceânico (Parador),AFRÂNIO COSTA,4,Operante
53B - Sulacap -> Jardim Oceânico (Parador),RIVIERA,5,Operante
53B - Sulacap -> Jardim Oceânico (Parador),RICARDO MARINHO,6,Operante
53B - Sulacap -> Jardim Oceânico (Parador),PARQUE DAS ROSAS,7,Operante
53B - Sulacap -> Jardim Oceânico (Parador),BARRASHOPPING,8,Operante
53B - Sulacap -> Jardim Oceânico (Parador),TERMINAL ALVORADA,9,Operante
53B - Sulacap -> Jardim Oceânico (Parador),LOURENÇO JORGE,10,Operante
53B - Sulacap -> Jardim Oceânico (Parador),AEROPORTO DE JACAREPAGUÁ,11,Operante
53B - Sulacap -> Jardim Oceânico (Parador),VIA PARQUE,12,Operante
53B - Sulacap -> Jardim Oceânico (Parador),CENTRO METROPOLITANO,13,Operante
53B - Sulacap -> Jardim Oceânico (Parador),REDE SARAH,14,Operante
53B - Sulacap -> Jardim Oceânico (Parador),RIO 2,15,Operante
53B - Sulacap -> Jardim Oceânico (Parador),PARQUE OLÍMPICO,16,Operante
53B - Sulacap -> Jardim Oceânico (Parador),TERMINAL CENTRO OLÍMPICO,17,Operante
53B - Sulacap -> Jardim Oceânico (Parador),MORRO DO OUTEIRO,18,Operante
53B - Sulacap -> Jardim Oceânico (Parador),MINHA PRAIA,19,Inoperante
53B - Sulacap -> Jardim Oceânico (Parador),ASA BRANCA,20,Operante
53B - Sulacap -> Jardim Oceânico (Parador),LEILA DINIZ,21,Operante
53B - Sulacap -> Jardim Oceânico (Parador),VENTURA,22,Operante
53B - Sulacap -> Jardim Oceânico (Parador),COLÔNIA,23,Operante
53B - Sulacap -> Jardim Oceânico (Parador),OUTEIRO SANTO,24,Inoperante
53B - Sulacap -> Jardim Oceânico (Parador),BOIÚNA,25,Operante
53B - Sulacap -> Jardim Oceânico (Parador),MARECHAL FONTENELLE,26,Operante
53B - Sulacap -> Jardim Oceânico (Parador),TERMINAL SULACAP,27,Operante
LECD33 - Campo Grande -> Santa Cruz (Parador),TERMINAL CAMPO GRANDE,1,Operante
LECD33 - Campo Grande -> Santa Cruz (Parador),SANTA EUGÊNIA,2,Operante
LECD33 - Campo Grande -> Santa Cruz (Parador),CAJUEIROS,3,Inoperante
LECD33 - Campo Grande -> Santa Cruz (Parador),GASTÃO RANGEL,4,Operante
LECD33 - Campo Grande -> Santa Cruz (Parador),GENERAL OLÍMPIO,5,Operante
LECD33 - Campo Grande -> Santa Cruz (Parador),TERMINAL SANTA CRUZ,6,Operante
